Internal ID Variant (Do Not Edit),Category,SKU,Items Name (Do Not Edit),ecommerce item? (Yes/No),Pre-order ? (Yes/No),Processing days,Weight (gm),Length (cm),Width (cm),Height (cm),Condition,Brand Name,Variant name,Basic - Price,Image 1 (for Online Store),Image 2 (for Online Store),Image 3 (for Online Store),Image 4 (for Online Store),Image 5 (for Online Store),Image 6 (for Online Store),Image 7 (for Online Store),Image 8 (for Online Store),Image 9 (for Online Store),Image 10 (for Online Store),Image 11 (for Online Store),Image 12 (for Online Store),Coffeeshop - Price,Barbershop - Price,In Stock,Track Stock,Track Alert,Stock Alert,Track Cost,Cost Amount,Modifier Set - Cashier - 384185
33139477,Pomade,,Suavecito Pomade,No,No,0,,,,,,Unbranded,Original,200000,,,,,,,,,,,,,,,0,Yes,Yes,5,Yes,89684,No
33139478,Pomade,,Suavecito Pomade,No,No,0,,,,,,Unbranded,Firme Hold,200000,,,,,,,,,,,,,,,0,Yes,Yes,5,Yes,0,No
33139479,Pomade,,Suavecito Pomade,No,No,0,,,,,,Unbranded,Hair Colour,130000,,,,,,,,,,,,,,,0,Yes,Yes,5,Yes,49091,No
33139481,Pomade,,Suavecito Pomade,No,No,0,,,,,,Unbranded,Matte Pomade,200000,,,,,,,,,,,,,,,0,Yes,Yes,5,Yes,0,No
33139527,Hair Product,,Sisir Rambut,No,No,0,,,,,,Unbranded,Sisir Benchmade,150000,,,,,,,,,,,,,,,2,Yes,Yes,5,Yes,30286,Yes
33139528,Hair Product,,Sisir Rambut,No,No,0,,,,,,Unbranded,Sisir Panjang,20000,,,,,,,,,,,,,,,0,Yes,Yes,5,Yes,2000,Yes
33139529,Hair Product,,Sisir Rambut,No,No,0,,,,,,Unbranded,Sisir Switch Blade,70000,,,,,,,,,,,,,,,1,Yes,Yes,5,Yes,2000,Yes
33139530,Hair Product,,Sisir Rambut,No,No,0,,,,,,Unbranded,Sisir Lipat Plastik,20000,,,,,,,,,,,,,,,0,Yes,Yes,5,Yes,2000,Yes
33139531,Hair Product,,Sisir Rambut,No,No,0,,,,,,Unbranded,Sisir Benchmade Plastik,50000,,,,,,,,,,,,,,,2,Yes,Yes,5,Yes,4400,Yes
33139532,Hair Product,,Sisir Rambut,No,No,0,,,,,,Unbranded,Sisir Kayu Lipat,100000,,,,,,,,,,,,,,,0,Yes,Yes,5,Yes,2000,Yes
33139533,Hair Product,,Sisir Rambut,No,No,0,,,,,,Unbranded,Sisir Kayu,50000,,,,,,,,,,,,,,,0,Yes,Yes,5,Yes,2000,Yes
33139534,Hair Product,,Sisir Rambut,No,No,0,,,,,,Unbranded,Sisir Jambang,60000,,,,,,,,,,,,,,,0,Yes,Yes,5,Yes,2000,Yes
33139535,Hair Product,,Sisir Rambut,No,No,0,,,,,,Unbranded,Sisir Bulat,20000,,,,,,,,,,,,,,,0,Yes,Yes,5,Yes,2528,Yes
33139536,Hair Product,,Sisir Rambut,No,No,0,,,,,,Unbranded,Sisir Mini,10000,,,,,,,,,,,,,,,0,Yes,Yes,5,Yes,2000,Yes
62273687,Hair Product,,Sisir Rambut,No,No,0,,,,,,Unbranded,Sisir Blow,30000,,,,,,,,,,,,,,,0,Yes,Yes,0,Yes,3052,Yes
33139495,Member Card,,Member Card,No,No,0,,,,,,Unbranded,,25000,,,,,,,,,,,,,,,-918,Yes,No,0,Yes,5000,Yes
33139490,Pomade,,Redbox Pomade,No,No,0,,,,,,Unbranded,Redbox Waterbase 80gr,130000,,,,,,,,,,,,,,,2,Yes,Yes,2,Yes,40000,Yes
33139491,Pomade,,Redbox Pomade,No,No,0,,,,,,Unbranded,Redbox Waterbase 30gr,70000,,,,,,,,,,,,,,,11,Yes,Yes,2,Yes,25000,Yes
33139493,Pomade,,Redbox Pomade,No,No,0,,,,,,Unbranded,Redbox Oilbase 80gr,100000,,,,,,,,,,,,,,,7,Yes,Yes,2,Yes,37000,Yes
33139494,Pomade,,Redbox Pomade,No,No,0,,,,,,Unbranded,Redbox Oilbase 30gr,50000,,,,,,,,,,,,,,,17,Yes,Yes,2,Yes,23000,Yes
39711664,Pomade,,Redbox Pomade,No,No,0,,,,,,Unbranded,Redbox Clay 80gr,130000,,,,,,,,,,,,,,,8,Yes,Yes,2,Yes,44965,Yes
161978514,Pomade,,Redbox Pomade,No,No,0,,,,,,Unbranded,Redbox Clay 30gr,70000,,,,,,,,,,,,,,,6,Yes,Yes,2,Yes,24069,Yes
161978515,Pomade,,Redbox Pomade,No,No,0,,,,,,Unbranded,Redbox Hair Powder 10gr,120000,,,,,,,,,,,,,,,0,Yes,Yes,2,Yes,1,Yes
33139516,Treathment,,Hair Product,No,No,0,,,,,,Unbranded,Gentle Fever,250000,,,,,,,,,,,,,,,0,Yes,Yes,5,No,,Yes
33139517,Treathment,,Hair Product,No,No,0,,,,,,Unbranded,Hair Food,35000,,,,,,,,,,,,,,,0,Yes,Yes,5,No,,Yes
33139518,Treathment,,Hair Product,No,No,0,,,,,,Unbranded,Hair Tonic,35000,,,,,,,,,,,,,,,0,Yes,Yes,5,Yes,22,Yes
33139519,Treathment,,Hair Product,No,No,0,,,,,,Unbranded,Shampoo True Blonde,60000,,,,,,,,,,,,,,,0,Yes,Yes,5,No,,Yes
33139520,Treathment,,Hair Product,No,No,0,,,,,,Unbranded,Serum Blue,35000,,,,,,,,,,,,,,,0,Yes,Yes,5,No,,Yes
33139521,Treathment,,Hair Product,No,No,0,,,,,,Unbranded,Serum Almond,35000,,,,,,,,,,,,,,,0,Yes,Yes,5,No,,Yes
33139484,Tips,,TIPS,No,No,0,,,,,,Unbranded,,0,,,,,,,,,,,,,,,0,No,No,0,No,,No
34254027,Snack,,Pakkong,No,No,0,,,,,,Unbranded,,,,,,,,,,,,,,,30000,,1,Yes,No,0,Yes,24000,No
39422951,Treathment,,Inaura Hair Nutrient,No,No,0,,,,,,Unbranded,,65000,,,,,,,,,,,,,,,6,Yes,Yes,3,Yes,5322,Yes
44064209,Coffee,,Long Black,No,No,0,,,,,,Unbranded,Hot,,,,,,,,,,,,,,23000,,-1748,Yes,Yes,0,No,,No
44064210,Coffee,,Long Black,No,No,0,,,,,,Unbranded,Ice,,,,,,,,,,,,,,23000,,-986,Yes,Yes,0,No,,No
44064223,Coffee,,Cappuccino,No,No,0,,,,,,Unbranded,Hot,,,,,,,,,,,,,,27000,,-1189,Yes,Yes,0,No,,No
44064224,Coffee,,Cappuccino,No,No,0,,,,,,Unbranded,Ice,,,,,,,,,,,,,,27000,,-798,Yes,Yes,0,No,,No
44064253,Coffee,,Cafe Latte,No,No,0,,,,,,Unbranded,Hot,,,,,,,,,,,,,,30000,,-903,Yes,Yes,0,No,,No
44064254,Coffee,,Cafe Latte,No,No,0,,,,,,Unbranded,Ice,,,,,,,,,,,,,,30000,,-876,Yes,Yes,0,No,,No
44064258,Coffee,,Senyawa Coffee,No,No,0,,,,,,Unbranded,,,,,,,,,,,,,,,30000,,-3193,Yes,Yes,0,Yes,1,No
46437062,Coffee,,Regal Coffee,No,No,0,,,,,,Unbranded,Hot,,,,,,,,,,,,,,30000,,-20,Yes,Yes,0,No,,No
44064278,Coffee,,Regal Coffee,No,No,0,,,,,,Unbranded,Ice,,,,,,,,,,,,,,30000,,-235,Yes,Yes,0,No,,No
44064281,Coffee,,Affogato,No,No,0,,,,,,Unbranded,,,,,,,,,,,,,,,30000,,-351,Yes,Yes,0,No,,No
44097657,Coffee,,Hazelnut Coffee,No,No,0,,,,,,Unbranded,,,,,,,,,,,,,,,30000,,-701,Yes,Yes,0,No,,No
44098738,Coffee,,Lemonade Coffee,No,No,0,,,,,,Unbranded,,,,,,,,,,,,,,,30000,,-361,Yes,Yes,0,No,,No
44098426,Coffee,,Irish Coffee,No,No,0,,,,,,Unbranded,,,,,,,,,,,,,,,30000,,-239,Yes,Yes,0,No,,No
44064352,Coffee,,Vietnam Coffee,No,No,0,,,,,,Unbranded,,,,,,,,,,,,,,,25000,,-621,Yes,Yes,0,No,,No
68269292,Tea Base,,Tea in pot,No,No,0,,,,,,Unbranded,Pandan Wangi,,,,,,,,,,,,,,25000,,-37,Yes,Yes,0,No,,No
68269293,Tea Base,,Tea in pot,No,No,0,,,,,,Unbranded,Masala Chai,,,,,,,,,,,,,,25000,,-86,Yes,Yes,0,No,,No
68269294,Tea Base,,Tea in pot,No,No,0,,,,,,Unbranded,Red Velvet Oolong,,,,,,,,,,,,,,25000,,-3,Yes,Yes,0,No,,No
68269295,Tea Base,,Tea in pot,No,No,0,,,,,,Unbranded,Blue Posh,,,,,,,,,,,,,,25000,,-103,Yes,Yes,0,No,,No
68269296,Tea Base,,Tea in pot,No,No,0,,,,,,Unbranded,Footloose,,,,,,,,,,,,,,25000,,-190,Yes,Yes,0,No,,No
70800297,Tea Base,,Tea in pot,No,No,0,,,,,,Unbranded,Chammomile,,,,,,,,,,,,,,25000,,-94,Yes,Yes,0,No,,No
44065757,Premium Cutting,,xx1,No,No,0,,,,,,Unbranded,Redbox Gentlemen Grooming,105000,,,,,,,,,,,,,,,-7872,Yes,No,0,Yes,28500,No
44131763,Premium Cutting,,xx1,No,No,0,,,,,,Unbranded,Redbox Fade Cut Grooming,115000,,,,,,,,,,,,,,,-1176,Yes,No,0,Yes,31500,No
44065756,Premium Cutting,,xx1,No,No,0,,,,,,Unbranded,Redbox Royal Shaving,120000,,,,,,,,,,,,,,,-4,Yes,No,0,Yes,36000,No
44065755,Premium Cutting,,xx1,No,No,0,,,,,,Unbranded,Redbox Noble Grooming,160000,,,,,,,,,,,,,,,-56,Yes,No,0,Yes,39000,No
44065754,Premium Cutting,,xx1,No,No,0,,,,,,Unbranded,Redbox Royal Grooming,305000,,,,,,,,,,,,,,,-3,Yes,No,0,Yes,88500,No
44065745,Premium Cutting,,xx1,No,No,0,,,,,,Unbranded,Hair Tatto Single,35000,,,,,,,,,,,,,,,-2,Yes,No,0,Yes,10500,No
44065746,Premium Cutting,,xx1,No,No,0,,,,,,Unbranded,Hair Tatto Double Side,65000,,,,,,,,,,,,,,,-1,Yes,No,0,Yes,19500,No
44065747,Premium Cutting,,xx1,No,No,0,,,,,,Unbranded,Hair Tatto Full,100000,,,,,,,,,,,,,,,0,Yes,No,0,Yes,30000,No
44065748,Premium Cutting,,xx1,No,No,0,,,,,,Unbranded,Traditional Shaving,60000,,,,,,,,,,,,,,,-32,Yes,No,0,Yes,18000,No
44065749,Premium Cutting,,xx1,No,No,0,,,,,,Unbranded,Beard & Mustache,35000,,,,,,,,,,,,,,,-48,Yes,No,0,Yes,10500,No
44065750,Premium Cutting,,xx1,No,No,0,,,,,,Unbranded,Hair Wash & Styling,20000,,,,,,,,,,,,,,,-10,Yes,No,0,Yes,6000,No
44065751,Premium Cutting,,xx1,No,No,0,,,,,,Unbranded,Hair Colouring,125000,,,,,,,,,,,,,,,-237,Yes,No,0,Yes,37500,No
44065752,Premium Cutting,,xx1,No,No,0,,,,,,Unbranded,Fee Colouring,60000,,,,,,,,,,,,,,,0,Yes,No,0,Yes,18000,No
44065753,Premium Cutting,,xx1,No,No,0,,,,,,Unbranded,Smooth and Shape,450000,,,,,,,,,,,,,,,-10,Yes,No,0,Yes,135000,No
44065758,Premium Cutting,,xx1,No,No,0,,,,,,Unbranded,Men Massage Service,135000,,,,,,,,,,,,,,,-1,Yes,No,0,Yes,40500,No
44065759,Premium Cutting,,xx1,No,No,0,,,,,,Unbranded,Nosewax,60000,,,,,,,,,,,,,,,-16,Yes,No,0,Yes,18000,No
44065760,Premium Cutting,,xx1,No,No,0,,,,,,Unbranded,Earwax,60000,,,,,,,,,,,,,,,0,Yes,No,0,Yes,18000,No
44065761,Premium Cutting,,xx1,No,No,0,,,,,,Unbranded,Ear Singeing,65000,,,,,,,,,,,,,,,0,Yes,No,0,Yes,19500,No
44065762,Premium Cutting,,xx1,No,No,0,,,,,,Unbranded,Charcoal Deep Cleansing,95000,,,,,,,,,,,,,,,-20,Yes,No,0,Yes,28500,No
44065763,Premium Cutting,,xx1,No,No,0,,,,,,Unbranded,Ear Candle,30000,,,,,,,,,,,,,,,-5,Yes,No,0,Yes,9000,No
44065765,Premium Cutting,,xx1,No,No,0,,,,,,Unbranded,Charcoal Nose Cleansing Strip,55000,,,,,,,,,,,,,,,0,Yes,No,0,Yes,16500,No
44065766,Premium Cutting,,xx1,No,No,0,,,,,,Unbranded,Creambath,70000,,,,,,,,,,,,,,,-19,Yes,No,0,Yes,21000,No
44065767,Premium Cutting,,xx1,No,No,0,,,,,,Unbranded,Hair Highlighting,300000,,,,,,,,,,,,,,,-26,Yes,No,0,Yes,90000,No
44065769,Premium Cutting,,xx1,No,No,0,,,,,,Unbranded,Hair Bleaching,350000,,,,,,,,,,,,,,,-14,Yes,No,0,Yes,105000,No
44065770,Premium Cutting,,xx1,No,No,0,,,,,,Unbranded,Hair Spa,100000,,,,,,,,,,,,,,,-16,Yes,No,0,Yes,30000,No
47867514,Premium Cutting,,xx1,No,No,0,,,,,,Unbranded,Home Service Single,200000,,,,,,,,,,,,,,,-44,Yes,No,0,Yes,60000,No
47867515,Premium Cutting,,xx1,No,No,0,,,,,,Unbranded,Home Service Family,150000,,,,,,,,,,,,,,,-45,Yes,No,0,Yes,45000,No
63497369,Premium Cutting,,xx1,No,No,0,,,,,,Unbranded,Hair Curly,300000,,,,,,,,,,,,,,,-17,Yes,No,0,Yes,90000,No
71153373,Premium Cutting,,xx1,No,No,0,,,,,,Unbranded,Wedding Noble Grooming,200000,,,,,,,,,,,,,,,-3,Yes,No,0,Yes,60000,No
71153374,Premium Cutting,,xx1,No,No,0,,,,,,Unbranded,Wedding Gentleman Grooming,350000,,,,,,,,,,,,,,,0,Yes,No,0,Yes,105000,No
71153375,Premium Cutting,,xx1,No,No,0,,,,,,Unbranded,Wedding Royal Grooming,1000000,,,,,,,,,,,,,,,-3,Yes,No,0,Yes,225000,No
75534191,Premium Cutting,,xx1,No,No,0,,,,,,Unbranded,Premium Head Shave,120000,,,,,,,,,,,,,,,-5,Yes,No,0,Yes,36000,No
89536123,Premium Cutting,,xx1,No,No,0,,,,,,Unbranded,Redbox Duke Grooming,270000,,,,,,,,,,,,,,,-14,Yes,No,0,Yes,78000,No
89536908,Premium Cutting,,xx1,No,No,0,,,,,,Unbranded,Redbox Baron Grooming,180000,,,,,,,,,,,,,,,-102,Yes,No,0,Yes,51000,No
96092560,Premium Cutting,,xx1,No,No,0,,,,,,Unbranded,Hair Colouring (Long),250000,,,,,,,,,,,,,,,0,Yes,No,0,Yes,72000,No
204187213,Premium Cutting,,xx1,No,No,0,,,,,,Unbranded,Redbox Gentleman Grooming+,120000,,,,,,,,,,,,,,,0,Yes,No,0,Yes,31500,No
44066271,Hair Cutting,,Premium Cutting,No,No,0,,,,,,Unbranded,,0,,,,,,,,,,,,,,,0,No,No,0,No,,No
44077032,Premium Cutting,,Ubay,No,No,0,,,,,,Unbranded,Redbox Gentleman Grooming,110000,,,,,,,,,,,,,,,-13906,Yes,No,0,Yes,28500,No
44131786,Premium Cutting,,Ubay,No,No,0,,,,,,Unbranded,Redbox Long Trim Grooming,120000,,,,,,,,,,,,,,,-2539,Yes,No,0,Yes,31500,No
44077030,Premium Cutting,,Ubay,No,No,0,,,,,,Unbranded,Redbox Fade Cut Grooming,120000,,,,,,,,,,,,,,,-1144,Yes,No,0,Yes,31500,No
44077023,Premium Cutting,,Ubay,No,No,0,,,,,,Unbranded,Redbox Noble Grooming,160000,,,,,,,,,,,,,,,-105,Yes,No,0,Yes,37350,No
44077026,Premium Cutting,,Ubay,No,No,0,,,,,,Unbranded,Redbox Baron Grooming,180000,,,,,,,,,,,,,,,-736,Yes,No,0,Yes,49350,No
89537104,Premium Cutting,,Ubay,No,No,0,,,,,,Unbranded,Redbox Royal Grooming,305000,,,,,,,,,,,,,,,-252,Yes,No,0,Yes,86850,No
146318566,Premium Cutting,,Ubay,No,No,0,,,,,,Unbranded,Redbox Duke Grooming,270000,,,,,,,,,,,,,,,-55,Yes,No,0,Yes,76350,No
154329215,Premium Cutting,,Ubay,No,No,0,,,,,,Unbranded,Redbox Royal Shaving,120000,,,,,,,,,,,,,,,0,Yes,No,0,Yes,36000,No
154329216,Premium Cutting,,Ubay,No,No,0,,,,,,Unbranded,Premium Head Shave,120000,,,,,,,,,,,,,,,-1,Yes,No,0,Yes,33000,No
154329217,Premium Cutting,,Ubay,No,No,0,,,,,,Unbranded,Beard & Mustache,35000,,,,,,,,,,,,,,,-46,Yes,No,0,Yes,10500,No
154329218,Premium Cutting,,Ubay,No,No,0,,,,,,Unbranded,Traditional Shaving,60000,,,,,,,,,,,,,,,-24,Yes,No,0,Yes,18000,No
154329219,Premium Cutting,,Ubay,No,No,0,,,,,,Unbranded,Hair Wash & Styling,20000,,,,,,,,,,,,,,,-7,Yes,No,0,Yes,6000,No
154329220,Premium Cutting,,Ubay,No,No,0,,,,,,Unbranded,Fee Colouring,60000,,,,,,,,,,,,,,,-9,Yes,No,0,Yes,18000,No
154329221,Premium Cutting,,Ubay,No,No,0,,,,,,Unbranded,Hair Colouring Long Hair,250000,,,,,,,,,,,,,,,-2,Yes,No,0,Yes,72000,No
154329222,Premium Cutting,,Ubay,No,No,0,,,,,,Unbranded,Hair Colouring,150000,,,,,,,,,,,,,,,-126,Yes,No,0,Yes,45000,No
154329223,Premium Cutting,,Ubay,No,No,0,,,,,,Unbranded,Hair Bleaching,350000,,,,,,,,,,,,,,,-6,Yes,No,0,Yes,105000,No
154329224,Premium Cutting,,Ubay,No,No,0,,,,,,Unbranded,Hair Highlighting,300000,,,,,,,,,,,,,,,-3,Yes,No,0,Yes,90000,No
154329225,Premium Cutting,,Ubay,No,No,0,,,,,,Unbranded,Hair Curly,300000,,,,,,,,,,,,,,,-22,Yes,No,0,Yes,90000,No
154329226,Premium Cutting,,Ubay,No,No,0,,,,,,Unbranded,Smooth and Shape,450000,,,,,,,,,,,,,,,-4,Yes,No,0,Yes,135000,No
154329227,Premium Cutting,,Ubay,No,No,0,,,,,,Unbranded,Hair Spa,100000,,,,,,,,,,,,,,,-9,Yes,No,0,Yes,30000,No
154329228,Premium Cutting,,Ubay,No,No,0,,,,,,Unbranded,Creambath,70000,,,,,,,,,,,,,,,0,Yes,No,0,Yes,21000,No
154329229,Premium Cutting,,Ubay,No,No,0,,,,,,Unbranded,Terra Blu Spa,150000,,,,,,,,,,,,,,,0,Yes,No,0,Yes,45000,No
154329230,Premium Cutting,,Ubay,No,No,0,,,,,,Unbranded,Home Service Family,150000,,,,,,,,,,,,,,,-17,Yes,No,0,Yes,45000,No
154329231,Premium Cutting,,Ubay,No,No,0,,,,,,Unbranded,Home Service Single,200000,,,,,,,,,,,,,,,-14,Yes,No,0,Yes,60000,No
154329232,Premium Cutting,,Ubay,No,No,0,,,,,,Unbranded,Down Perm,165000,,,,,,,,,,,,,,,-3,Yes,No,0,Yes,49500,No
154329233,Premium Cutting,,Ubay,No,No,0,,,,,,Unbranded,Root Lift,165000,,,,,,,,,,,,,,,-3,Yes,No,0,Yes,49500,No
154329234,Premium Cutting,,Ubay,No,No,0,,,,,,Unbranded,Wedding Gentleman Grooming,350000,,,,,,,,,,,,,,,-5,Yes,No,0,Yes,105000,No
154329235,Premium Cutting,,Ubay,No,No,0,,,,,,Unbranded,Wedding Royal Grooming Silver,500000,,,,,,,,,,,,,,,0,Yes,No,0,Yes,150000,No
154329236,Premium Cutting,,Ubay,No,No,0,,,,,,Unbranded,Wedding Royal Grooming Gold,750000,,,,,,,,,,,,,,,0,Yes,No,0,Yes,225000,No
154329237,Premium Cutting,,Ubay,No,No,0,,,,,,Unbranded,Wedding Royal Grooming Platinum,1000000,,,,,,,,,,,,,,,0,Yes,No,0,Yes,300000,No
154329238,Premium Cutting,,Ubay,No,No,0,,,,,,Unbranded,Men Massage Service,135000,,,,,,,,,,,,,,,-1,Yes,No,0,Yes,40500,No
154329239,Premium Cutting,,Ubay,No,No,0,,,,,,Unbranded,Ear Candle,30000,,,,,,,,,,,,,,,-14,Yes,No,0,Yes,9000,No
154329240,Premium Cutting,,Ubay,No,No,0,,,,,,Unbranded,Ear Singeing,65000,,,,,,,,,,,,,,,-14,Yes,No,0,Yes,19500,No
154329266,Premium Cutting,,Ubay,No,No,0,,,,,,Unbranded,Ear Wax,60000,,,,,,,,,,,,,,,-2,Yes,No,0,Yes,18000,No
154329267,Premium Cutting,,Ubay,No,No,0,,,,,,Unbranded,Nose Wax,60000,,,,,,,,,,,,,,,-19,Yes,No,0,Yes,18000,No
154329268,Premium Cutting,,Ubay,No,No,0,,,,,,Unbranded,Charcoal Deep Cleansing,95000,,,,,,,,,,,,,,,-1,Yes,No,0,Yes,28500,No
154329269,Premium Cutting,,Ubay,No,No,0,,,,,,Unbranded,Charcoal Nose Cleansing Strip,55000,,,,,,,,,,,,,,,0,Yes,No,0,Yes,16500,No
154329270,Premium Cutting,,Ubay,No,No,0,,,,,,Unbranded,Beard & Mustache Colour,200000,,,,,,,,,,,,,,,0,Yes,No,0,Yes,60000,No
154329271,Premium Cutting,,Ubay,No,No,0,,,,,,Unbranded,Hair Tattoo Single,35000,,,,,,,,,,,,,,,0,Yes,No,0,Yes,10500,No
154329272,Premium Cutting,,Ubay,No,No,0,,,,,,Unbranded,Hair Tattoo Double Side,65000,,,,,,,,,,,,,,,0,Yes,No,0,Yes,19500,No
154329273,Premium Cutting,,Ubay,No,No,0,,,,,,Unbranded,Hair Tattoo Full,100000,,,,,,,,,,,,,,,0,Yes,No,0,Yes,30000,No
154949712,Premium Cutting,,Ubay,No,No,0,,,,,,Unbranded,Redbox Earl Grooming,225000,,,,,,,,,,,,,,,-1,Yes,No,0,Yes,62850,No
188578054,Premium Cutting,,Ubay,No,No,0,,,,,,Unbranded,Hair Care Keratin,400000,,,,,,,,,,,,,,,-1,Yes,No,0,Yes,120000,No
204187183,Premium Cutting,,Ubay,No,No,0,,,,,,Unbranded,Redbox Gentleman Grooming+,120000,,,,,,,,,,,,,,,-21,Yes,No,0,Yes,31500,No
44083420,Premium Cutting,,Husen,No,No,0,,,,,,Unbranded,Redbox Gentleman Grooming,110000,,,,,,,,,,,,,,,-8660,Yes,No,0,Yes,28500,No
44131776,Premium Cutting,,Husen,No,No,0,,,,,,Unbranded,Redbox Long Trim Grooming,120000,,,,,,,,,,,,,,,-1027,Yes,No,0,Yes,31500,No
90797798,Premium Cutting,,Husen,No,No,0,,,,,,Unbranded,Redbox Fade Cut Grooming,120000,,,,,,,,,,,,,,,-927,Yes,No,0,Yes,31500,No
154258979,Premium Cutting,,Husen,No,No,0,,,,,,Unbranded,Redbox Noble Grooming,160000,,,,,,,,,,,,,,,-25,Yes,No,0,Yes,37350,No
154258980,Premium Cutting,,Husen,No,No,0,,,,,,Unbranded,Redbox Baron Grooming,180000,,,,,,,,,,,,,,,-276,Yes,No,0,Yes,49350,No
154258981,Premium Cutting,,Husen,No,No,0,,,,,,Unbranded,Redbox Royal Grooming,305000,,,,,,,,,,,,,,,-1,Yes,No,0,Yes,86850,No
154258982,Premium Cutting,,Husen,No,No,0,,,,,,Unbranded,Redbox Duke Grooming,270000,,,,,,,,,,,,,,,-10,Yes,No,0,Yes,76350,No
154258983,Premium Cutting,,Husen,No,No,0,,,,,,Unbranded,Redbox Royal Shaving,120000,,,,,,,,,,,,,,,0,Yes,No,0,Yes,36000,No
154258984,Premium Cutting,,Husen,No,No,0,,,,,,Unbranded,Premium Head Shave,120000,,,,,,,,,,,,,,,-2,Yes,No,0,Yes,33000,No
154258985,Premium Cutting,,Husen,No,No,0,,,,,,Unbranded,Beard & Mustache,35000,,,,,,,,,,,,,,,-29,Yes,No,0,Yes,10500,No
154258986,Premium Cutting,,Husen,No,No,0,,,,,,Unbranded,Traditional Shaving,60000,,,,,,,,,,,,,,,-17,Yes,No,0,Yes,18000,No
154258987,Premium Cutting,,Husen,No,No,0,,,,,,Unbranded,Hair Wash & Styling,20000,,,,,,,,,,,,,,,-8,Yes,No,0,Yes,6000,No
154258988,Premium Cutting,,Husen,No,No,0,,,,,,Unbranded,Fee Colouring,60000,,,,,,,,,,,,,,,0,Yes,No,0,Yes,18000,No
154259018,Premium Cutting,,Husen,No,No,0,,,,,,Unbranded,Hair Colouring Long Hair,250000,,,,,,,,,,,,,,,-1,Yes,No,0,Yes,72000,No
154259019,Premium Cutting,,Husen,No,No,0,,,,,,Unbranded,Hair Colouring,150000,,,,,,,,,,,,,,,-72,Yes,No,0,Yes,45000,No
154259020,Premium Cutting,,Husen,No,No,0,,,,,,Unbranded,Hair Bleaching,350000,,,,,,,,,,,,,,,0,Yes,No,0,Yes,105000,No
154259021,Premium Cutting,,Husen,No,No,0,,,,,,Unbranded,Hair Highlighting,300000,,,,,,,,,,,,,,,-2,Yes,No,0,Yes,90000,No
154259022,Premium Cutting,,Husen,No,No,0,,,,,,Unbranded,Hair Curly,300000,,,,,,,,,,,,,,,-26,Yes,No,0,Yes,90000,No
154259023,Premium Cutting,,Husen,No,No,0,,,,,,Unbranded,Smooth and Shape,450000,,,,,,,,,,,,,,,-5,Yes,No,0,Yes,135000,No
154259024,Premium Cutting,,Husen,No,No,0,,,,,,Unbranded,Hair Spa,100000,,,,,,,,,,,,,,,-8,Yes,No,0,Yes,30000,No
154259025,Premium Cutting,,Husen,No,No,0,,,,,,Unbranded,Creambath,70000,,,,,,,,,,,,,,,0,Yes,No,0,Yes,21000,No
154259026,Premium Cutting,,Husen,No,No,0,,,,,,Unbranded,Terra Blu Spa,150000,,,,,,,,,,,,,,,0,Yes,No,0,Yes,45000,No
154259027,Premium Cutting,,Husen,No,No,0,,,,,,Unbranded,Home Service Family,150000,,,,,,,,,,,,,,,0,Yes,No,0,Yes,45000,No
154259028,Premium Cutting,,Husen,No,No,0,,,,,,Unbranded,Home Service Single,200000,,,,,,,,,,,,,,,0,Yes,No,0,Yes,60000,No
154259029,Premium Cutting,,Husen,No,No,0,,,,,,Unbranded,Down Perm,165000,,,,,,,,,,,,,,,-1,Yes,No,0,Yes,49500,No
154259030,Premium Cutting,,Husen,No,No,0,,,,,,Unbranded,Root Lift,165000,,,,,,,,,,,,,,,0,Yes,No,0,Yes,49500,No
154259031,Premium Cutting,,Husen,No,No,0,,,,,,Unbranded,Wedding Gentleman Grooming,350000,,,,,,,,,,,,,,,-4,Yes,No,0,Yes,105000,No
154259032,Premium Cutting,,Husen,No,No,0,,,,,,Unbranded,Wedding Royal Grooming Silver,500000,,,,,,,,,,,,,,,0,Yes,No,0,Yes,150000,No
154259033,Premium Cutting,,Husen,No,No,0,,,,,,Unbranded,Wedding Royal Grooming Gold,750000,,,,,,,,,,,,,,,0,Yes,No,0,Yes,225000,No
154259034,Premium Cutting,,Husen,No,No,0,,,,,,Unbranded,Wedding Royal Grooming Platinum,1000000,,,,,,,,,,,,,,,0,Yes,No,0,Yes,300000,No
154259072,Premium Cutting,,Husen,No,No,0,,,,,,Unbranded,Men Massage Service,135000,,,,,,,,,,,,,,,-1,Yes,No,0,Yes,40500,No
154259073,Premium Cutting,,Husen,No,No,0,,,,,,Unbranded,Ear Candle,30000,,,,,,,,,,,,,,,-6,Yes,No,0,Yes,9000,No
154259074,Premium Cutting,,Husen,No,No,0,,,,,,Unbranded,Ear Singeing,65000,,,,,,,,,,,,,,,-6,Yes,No,0,Yes,19500,No
154259075,Premium Cutting,,Husen,No,No,0,,,,,,Unbranded,Ear Wax,60000,,,,,,,,,,,,,,,0,Yes,No,0,Yes,18000,No
154259076,Premium Cutting,,Husen,No,No,0,,,,,,Unbranded,Nose Wax,60000,,,,,,,,,,,,,,,-9,Yes,No,0,Yes,18000,No
154259077,Premium Cutting,,Husen,No,No,0,,,,,,Unbranded,Charcoal Deep Cleansing,95000,,,,,,,,,,,,,,,-6,Yes,No,0,Yes,28500,No
154259078,Premium Cutting,,Husen,No,No,0,,,,,,Unbranded,Charcoal Nose Cleansing Strip,55000,,,,,,,,,,,,,,,0,Yes,No,0,Yes,16500,No
154259079,Premium Cutting,,Husen,No,No,0,,,,,,Unbranded,Beard & Mustache Colour,200000,,,,,,,,,,,,,,,0,Yes,No,0,Yes,60000,No
154259080,Premium Cutting,,Husen,No,No,0,,,,,,Unbranded,Hair Tattoo Single,35000,,,,,,,,,,,,,,,0,Yes,No,0,Yes,10500,No
154259081,Premium Cutting,,Husen,No,No,0,,,,,,Unbranded,Hair Tattoo Double Side,65000,,,,,,,,,,,,,,,0,Yes,No,0,Yes,19500,No
154259082,Premium Cutting,,Husen,No,No,0,,,,,,Unbranded,Hair Tattoo Full,100000,,,,,,,,,,,,,,,0,Yes,No,0,Yes,30000,No
154259083,Premium Cutting,,Husen,No,No,0,,,,,,Unbranded,Cornrow,400000,,,,,,,,,,,,,,,-9,Yes,No,0,Yes,200000,No
154949682,Premium Cutting,,Husen,No,No,0,,,,,,Unbranded,Redbox Earl Grooming,225000,,,,,,,,,,,,,,,0,Yes,No,0,Yes,62850,No
195604946,Premium Cutting,,Husen,No,No,0,,,,,,Unbranded,Hair Care Keratin,400000,,,,,,,,,,,,,,,-1,Yes,No,0,Yes,120000,No
204187148,Premium Cutting,,Husen,No,No,0,,,,,,Unbranded,Redbox Gentleman Grooming+,120000,,,,,,,,,,,,,,,-9,Yes,No,0,Yes,31500,No
44084943,Premium Cutting,,Ragil,No,No,0,,,,,,Unbranded,Redbox Gentleman Grooming,110000,,,,,,,,,,,,,,,-12783,Yes,No,0,Yes,28500,No
44131755,Premium Cutting,,Ragil,No,No,0,,,,,,Unbranded,Redbox Long Trim Grooming,120000,,,,,,,,,,,,,,,-2226,Yes,No,0,Yes,31500,No
44084941,Premium Cutting,,Ragil,No,No,0,,,,,,Unbranded,Redbox Fade Cut Grooming,120000,,,,,,,,,,,,,,,-1089,Yes,No,0,Yes,31500,No
44084937,Premium Cutting,,Ragil,No,No,0,,,,,,Unbranded,Redbox Noble Grooming,160000,,,,,,,,,,,,,,,-376,Yes,No,0,Yes,37350,No
89537004,Premium Cutting,,Ragil,No,No,0,,,,,,Unbranded,Redbox Baron Grooming,180000,,,,,,,,,,,,,,,-563,Yes,No,0,Yes,49350,No
154288385,Premium Cutting,,Ragil,No,No,0,,,,,,Unbranded,Redbox Royal Grooming,305000,,,,,,,,,,,,,,,0,Yes,No,0,Yes,86850,No
154288386,Premium Cutting,,Ragil,No,No,0,,,,,,Unbranded,Redbox Duke Grooming,270000,,,,,,,,,,,,,,,-29,Yes,No,0,Yes,76350,No
154288387,Premium Cutting,,Ragil,No,No,0,,,,,,Unbranded,Redbox Royal Shaving,120000,,,,,,,,,,,,,,,-1,Yes,No,0,Yes,36000,No
154288388,Premium Cutting,,Ragil,No,No,0,,,,,,Unbranded,Premium Head Shave,120000,,,,,,,,,,,,,,,0,Yes,No,0,Yes,33000,No
154288389,Premium Cutting,,Ragil,No,No,0,,,,,,Unbranded,Beard & Mustache,35000,,,,,,,,,,,,,,,-31,Yes,No,0,Yes,10500,No
154288390,Premium Cutting,,Ragil,No,No,0,,,,,,Unbranded,Traditional Shaving,60000,,,,,,,,,,,,,,,-23,Yes,No,0,Yes,18000,No
154288391,Premium Cutting,,Ragil,No,No,0,,,,,,Unbranded,Hair Wash & Styling,20000,,,,,,,,,,,,,,,-9,Yes,No,0,Yes,6000,No
154288392,Premium Cutting,,Ragil,No,No,0,,,,,,Unbranded,Fee Colouring,60000,,,,,,,,,,,,,,,-1,Yes,No,0,Yes,18000,No
154288393,Premium Cutting,,Ragil,No,No,0,,,,,,Unbranded,Hair Colouring Long Hair,250000,,,,,,,,,,,,,,,0,Yes,No,0,Yes,72000,No
154288394,Premium Cutting,,Ragil,No,No,0,,,,,,Unbranded,Hair Colouring,150000,,,,,,,,,,,,,,,-82,Yes,No,0,Yes,45000,No
154288395,Premium Cutting,,Ragil,No,No,0,,,,,,Unbranded,Hair Bleaching,350000,,,,,,,,,,,,,,,-2,Yes,No,0,Yes,105000,No
154288396,Premium Cutting,,Ragil,No,No,0,,,,,,Unbranded,Hair Highlighting,300000,,,,,,,,,,,,,,,-4,Yes,No,0,Yes,90000,No
154288397,Premium Cutting,,Ragil,No,No,0,,,,,,Unbranded,Hair Curly,300000,,,,,,,,,,,,,,,-24,Yes,No,0,Yes,90000,No
154288398,Premium Cutting,,Ragil,No,No,0,,,,,,Unbranded,Smooth and Shape,450000,,,,,,,,,,,,,,,-4,Yes,No,0,Yes,135000,No
154288399,Premium Cutting,,Ragil,No,No,0,,,,,,Unbranded,Hair Spa,100000,,,,,,,,,,,,,,,-9,Yes,No,0,Yes,30000,No
154288400,Premium Cutting,,Ragil,No,No,0,,,,,,Unbranded,Creambath,70000,,,,,,,,,,,,,,,0,Yes,No,0,Yes,21000,No
154288401,Premium Cutting,,Ragil,No,No,0,,,,,,Unbranded,Terra Blu Spa,150000,,,,,,,,,,,,,,,0,Yes,No,0,Yes,45000,No
154288402,Premium Cutting,,Ragil,No,No,0,,,,,,Unbranded,Home Service Family,150000,,,,,,,,,,,,,,,0,Yes,No,0,Yes,45000,No
154288403,Premium Cutting,,Ragil,No,No,0,,,,,,Unbranded,Home Service Single,200000,,,,,,,,,,,,,,,0,Yes,No,0,Yes,60000,No
154288404,Premium Cutting,,Ragil,No,No,0,,,,,,Unbranded,Down Perm,165000,,,,,,,,,,,,,,,-3,Yes,No,0,Yes,49500,No
154288405,Premium Cutting,,Ragil,No,No,0,,,,,,Unbranded,Root Lift,165000,,,,,,,,,,,,,,,-3,Yes,No,0,Yes,49500,No
154288406,Premium Cutting,,Ragil,No,No,0,,,,,,Unbranded,Wedding Gentleman Grooming,350000,,,,,,,,,,,,,,,-2,Yes,No,0,Yes,105000,No
154288407,Premium Cutting,,Ragil,No,No,0,,,,,,Unbranded,Wedding Royal Grooming Silver,500000,,,,,,,,,,,,,,,0,Yes,No,0,Yes,150000,No
154288408,Premium Cutting,,Ragil,No,No,0,,,,,,Unbranded,Wedding Royal Grooming Gold,750000,,,,,,,,,,,,,,,0,Yes,No,0,Yes,225000,No
154288409,Premium Cutting,,Ragil,No,No,0,,,,,,Unbranded,Wedding Royal Grooming Platinum,1000000,,,,,,,,,,,,,,,0,Yes,No,0,Yes,300000,No
154288419,Premium Cutting,,Ragil,No,No,0,,,,,,Unbranded,Men Massage Service,135000,,,,,,,,,,,,,,,0,Yes,No,0,Yes,40500,No
154288420,Premium Cutting,,Ragil,No,No,0,,,,,,Unbranded,Ear Candle,30000,,,,,,,,,,,,,,,-4,Yes,No,0,Yes,9000,No
154288421,Premium Cutting,,Ragil,No,No,0,,,,,,Unbranded,Ear Singeing,65000,,,,,,,,,,,,,,,-1,Yes,No,0,Yes,19500,No
154288422,Premium Cutting,,Ragil,No,No,0,,,,,,Unbranded,Ear Wax,60000,,,,,,,,,,,,,,,0,Yes,No,0,Yes,18000,No
154288423,Premium Cutting,,Ragil,No,No,0,,,,,,Unbranded,Nose Wax,60000,,,,,,,,,,,,,,,-4,Yes,No,0,Yes,18000,No
154288424,Premium Cutting,,Ragil,No,No,0,,,,,,Unbranded,Charcoal Deep Cleansing,95000,,,,,,,,,,,,,,,-1,Yes,No,0,Yes,28500,No
154288425,Premium Cutting,,Ragil,No,No,0,,,,,,Unbranded,Charcoal Nose Cleansing Strip,55000,,,,,,,,,,,,,,,0,Yes,No,0,Yes,16500,No
154288426,Premium Cutting,,Ragil,No,No,0,,,,,,Unbranded,Beard & Mustache Colour,200000,,,,,,,,,,,,,,,0,Yes,No,0,Yes,60000,No
154288427,Premium Cutting,,Ragil,No,No,0,,,,,,Unbranded,Hair Tattoo Single,35000,,,,,,,,,,,,,,,0,Yes,No,0,Yes,10500,No
154288428,Premium Cutting,,Ragil,No,No,0,,,,,,Unbranded,Hair Tattoo Double Side,65000,,,,,,,,,,,,,,,0,Yes,No,0,Yes,19500,No
154288429,Premium Cutting,,Ragil,No,No,0,,,,,,Unbranded,Hair Tattoo Full,100000,,,,,,,,,,,,,,,0,Yes,No,0,Yes,30000,No
154949695,Premium Cutting,,Ragil,No,No,0,,,,,,Unbranded,Redbox Earl Grooming,225000,,,,,,,,,,,,,,,0,Yes,No,0,Yes,62850,No
188815791,Premium Cutting,,Ragil,No,No,0,,,,,,Unbranded,Hair Care Keratin,400000,,,,,,,,,,,,,,,-1,Yes,No,0,Yes,120000,No
188815792,Premium Cutting,,Ragil,No,No,0,,,,,,Unbranded,Retouch Hairsystem,300000,,,,,,,,,,,,,,,0,Yes,No,0,Yes,90000,No
204187165,Premium Cutting,,Ragil,No,No,0,,,,,,Unbranded,Redbox Gentleman Grooming+,120000,,,,,,,,,,,,,,,-14,Yes,No,0,Yes,31500,No
44290132,Hair Product,,Kenny Hair Styling Spray,No,No,0,,,,,,Unbranded,,55000,,,,,,,,,,,,,,,11,Yes,Yes,0,Yes,41549,Yes
44573862,Drink,,Pristine Water,No,No,0,,,,,,Unbranded,,,,,,,,,,,,,,,10000,,67,Yes,Yes,12,Yes,2917,No
44879852,Merchandise,,Gantungan Kunci Redbox,No,No,0,,,,,,Unbranded,Gantungan Kunci,15000,,,,,,,,,,,,,,,4,Yes,Yes,0,Yes,0,No
44879853,Merchandise,,Gantungan Kunci Redbox,No,No,0,,,,,,Unbranded,Paket Gantungan Kunci,10000,,,,,,,,,,,,,,,0,Yes,Yes,0,Yes,0,No
45405064,Premium Cutting,,Sarif,No,No,0,,,,,,Unbranded,Redbox Gentleman Grooming,110000,,,,,,,,,,,,,,,-10699,Yes,No,0,Yes,28500,No
45405078,Premium Cutting,,Sarif,No,No,0,,,,,,Unbranded,Redbox Long Trim Grooming,120000,,,,,,,,,,,,,,,-1439,Yes,No,0,Yes,31500,No
45405058,Premium Cutting,,Sarif,No,No,0,,,,,,Unbranded,Redbox Fade Cut Grooming,120000,,,,,,,,,,,,,,,-1381,Yes,No,0,Yes,31500,No
89537068,Premium Cutting,,Sarif,No,No,0,,,,,,Unbranded,Redbox Noble Grooming,160000,,,,,,,,,,,,,,,-233,Yes,No,0,Yes,37350,No
154286830,Premium Cutting,,Sarif,No,No,0,,,,,,Unbranded,Redbox Baron Grooming,180000,,,,,,,,,,,,,,,-363,Yes,No,0,Yes,49350,No
154286831,Premium Cutting,,Sarif,No,No,0,,,,,,Unbranded,Redbox Royal Grooming,305000,,,,,,,,,,,,,,,0,Yes,No,0,Yes,86850,No
154286832,Premium Cutting,,Sarif,No,No,0,,,,,,Unbranded,Redbox Duke Grooming,270000,,,,,,,,,,,,,,,-24,Yes,No,0,Yes,76350,No
154286833,Premium Cutting,,Sarif,No,No,0,,,,,,Unbranded,Redbox Royal Shaving,120000,,,,,,,,,,,,,,,0,Yes,No,0,Yes,36000,No
154286834,Premium Cutting,,Sarif,No,No,0,,,,,,Unbranded,Premium Head Shave,120000,,,,,,,,,,,,,,,-1,Yes,No,0,Yes,33000,No
154286835,Premium Cutting,,Sarif,No,No,0,,,,,,Unbranded,Beard & Mustache,35000,,,,,,,,,,,,,,,-12,Yes,No,0,Yes,10500,No
154286836,Premium Cutting,,Sarif,No,No,0,,,,,,Unbranded,Traditional Shaving,60000,,,,,,,,,,,,,,,-12,Yes,No,0,Yes,18000,No
154286837,Premium Cutting,,Sarif,No,No,0,,,,,,Unbranded,Hair Wash & Styling,20000,,,,,,,,,,,,,,,-7,Yes,No,0,Yes,6000,No
154286838,Premium Cutting,,Sarif,No,No,0,,,,,,Unbranded,Fee Colouring,60000,,,,,,,,,,,,,,,0,Yes,No,0,Yes,18000,No
154286839,Premium Cutting,,Sarif,No,No,0,,,,,,Unbranded,Hair Colouring Long Hair,250000,,,,,,,,,,,,,,,-2,Yes,No,0,Yes,72000,No
154286840,Premium Cutting,,Sarif,No,No,0,,,,,,Unbranded,Hair Colouring,150000,,,,,,,,,,,,,,,-117,Yes,No,0,Yes,45000,No
154286841,Premium Cutting,,Sarif,No,No,0,,,,,,Unbranded,Hair Bleaching,350000,,,,,,,,,,,,,,,-3,Yes,No,0,Yes,105000,No
154286842,Premium Cutting,,Sarif,No,No,0,,,,,,Unbranded,Hair Highlighting,300000,,,,,,,,,,,,,,,-3,Yes,No,0,Yes,90000,No
154286843,Premium Cutting,,Sarif,No,No,0,,,,,,Unbranded,Hair Curly,300000,,,,,,,,,,,,,,,-34,Yes,No,0,Yes,90000,No
154286844,Premium Cutting,,Sarif,No,No,0,,,,,,Unbranded,Smooth and Shape,450000,,,,,,,,,,,,,,,-1,Yes,No,0,Yes,135000,No
154286845,Premium Cutting,,Sarif,No,No,0,,,,,,Unbranded,Hair Spa,100000,,,,,,,,,,,,,,,-9,Yes,No,0,Yes,30000,No
154286846,Premium Cutting,,Sarif,No,No,0,,,,,,Unbranded,Creambath,70000,,,,,,,,,,,,,,,0,Yes,No,0,Yes,21000,No
154286847,Premium Cutting,,Sarif,No,No,0,,,,,,Unbranded,Terra Blu Spa,150000,,,,,,,,,,,,,,,0,Yes,No,0,Yes,45000,No
154286848,Premium Cutting,,Sarif,No,No,0,,,,,,Unbranded,Home Service Family,150000,,,,,,,,,,,,,,,0,Yes,No,0,Yes,45000,No
154286849,Premium Cutting,,Sarif,No,No,0,,,,,,Unbranded,Home Service Single,200000,,,,,,,,,,,,,,,0,Yes,No,0,Yes,60000,No
154286850,Premium Cutting,,Sarif,No,No,0,,,,,,Unbranded,Down Perm,165000,,,,,,,,,,,,,,,-4,Yes,No,0,Yes,49500,No
154286851,Premium Cutting,,Sarif,No,No,0,,,,,,Unbranded,Root Lift,165000,,,,,,,,,,,,,,,-2,Yes,No,0,Yes,49500,No
154286852,Premium Cutting,,Sarif,No,No,0,,,,,,Unbranded,Wedding Gentleman Grooming,350000,,,,,,,,,,,,,,,-4,Yes,No,0,Yes,105000,No
154286853,Premium Cutting,,Sarif,No,No,0,,,,,,Unbranded,Wedding Royal Grooming Silver,500000,,,,,,,,,,,,,,,-1,Yes,No,0,Yes,150000,No
154286854,Premium Cutting,,Sarif,No,No,0,,,,,,Unbranded,Wedding Royal Grooming Gold,750000,,,,,,,,,,,,,,,0,Yes,No,0,Yes,225000,No
154286864,Premium Cutting,,Sarif,No,No,0,,,,,,Unbranded,Wedding Royal Grooming Platinum,1000000,,,,,,,,,,,,,,,-1,Yes,No,0,Yes,300000,No
154286865,Premium Cutting,,Sarif,No,No,0,,,,,,Unbranded,Men Massage Service,135000,,,,,,,,,,,,,,,-2,Yes,No,0,Yes,40500,No
154286866,Premium Cutting,,Sarif,No,No,0,,,,,,Unbranded,Ear Candle,30000,,,,,,,,,,,,,,,-1,Yes,No,0,Yes,9000,No
154286867,Premium Cutting,,Sarif,No,No,0,,,,,,Unbranded,Ear Singeing,65000,,,,,,,,,,,,,,,0,Yes,No,0,Yes,19500,No
154286868,Premium Cutting,,Sarif,No,No,0,,,,,,Unbranded,Ear Wax,60000,,,,,,,,,,,,,,,0,Yes,No,0,Yes,18000,No
154286869,Premium Cutting,,Sarif,No,No,0,,,,,,Unbranded,Nose Wax,60000,,,,,,,,,,,,,,,-2,Yes,No,0,Yes,18000,No
154286870,Premium Cutting,,Sarif,No,No,0,,,,,,Unbranded,Charcoal Deep Cleansing,95000,,,,,,,,,,,,,,,-1,Yes,No,0,Yes,28500,No
154286871,Premium Cutting,,Sarif,No,No,0,,,,,,Unbranded,Charcoal Nose Cleansing Strip,55000,,,,,,,,,,,,,,,0,Yes,No,0,Yes,16500,No
154286872,Premium Cutting,,Sarif,No,No,0,,,,,,Unbranded,Beard & Mustache Colour,200000,,,,,,,,,,,,,,,0,Yes,No,0,Yes,60000,No
154286887,Premium Cutting,,Sarif,No,No,0,,,,,,Unbranded,Hair Tattoo Single,35000,,,,,,,,,,,,,,,-3,Yes,No,0,Yes,10500,No
154286888,Premium Cutting,,Sarif,No,No,0,,,,,,Unbranded,Hair Tattoo Double Side,65000,,,,,,,,,,,,,,,-1,Yes,No,0,Yes,19500,No
154286889,Premium Cutting,,Sarif,No,No,0,,,,,,Unbranded,Hair Tattoo Full,100000,,,,,,,,,,,,,,,0,Yes,No,0,Yes,30000,No
154949703,Premium Cutting,,Sarif,No,No,0,,,,,,Unbranded,Redbox Earl Grooming,225000,,,,,,,,,,,,,,,0,Yes,No,0,Yes,62850,No
204187178,Premium Cutting,,Sarif,No,No,0,,,,,,Unbranded,Redbox Gentleman Grooming+,120000,,,,,,,,,,,,,,,-23,Yes,No,0,Yes,31500,No
46403084,Coffee,,Creme Brulle,No,No,0,,,,,,Unbranded,Ice,,,,,,,,,,,,,,30000,,-74,Yes,Yes,0,No,,No
46403085,Coffee,,Creme Brulle,No,No,0,,,,,,Unbranded,Hot,,,,,,,,,,,,,,30000,,-73,Yes,Yes,0,No,,No
46403097,Coffee,,Black Rose,No,No,0,,,,,,Unbranded,Ice,,,,,,,,,,,,,,30000,,-377,Yes,Yes,0,No,,No
46403098,Coffee,,Black Rose,No,No,0,,,,,,Unbranded,Hot,,,,,,,,,,,,,,30000,,-2,Yes,Yes,0,No,,No
46403180,Non Coffee,,Sweet Berry,No,No,0,,,,,,Unbranded,Ice,,,,,,,,,,,,,,30000,,-473,Yes,Yes,0,No,,No
46881069,Coffee,,Baileys Coffee,No,No,0,,,,,,Unbranded,,,,,,,,,,,,,,,30000,,-4183,Yes,Yes,0,No,,No
47727447,Premium Cutting,,Ega,No,No,0,,,,,,Unbranded,Redbox Gentleman Grooming,110000,,,,,,,,,,,,,,,-8088,Yes,No,0,Yes,28500,No
47727448,Premium Cutting,,Ega,No,No,0,,,,,,Unbranded,Redbox Long Trim Grooming,120000,,,,,,,,,,,,,,,-1696,Yes,No,0,Yes,31500,No
47727459,Premium Cutting,,Ega,No,No,0,,,,,,Unbranded,Redbox Fade Cut Grooming,120000,,,,,,,,,,,,,,,-1661,Yes,No,0,Yes,31500,No
93457751,Premium Cutting,,Ega,No,No,0,,,,,,Unbranded,Redbox Noble Grooming,160000,,,,,,,,,,,,,,,-290,Yes,No,0,Yes,37350,No
154288314,Premium Cutting,,Ega,No,No,0,,,,,,Unbranded,Redbox Baron Grooming,180000,,,,,,,,,,,,,,,-354,Yes,No,0,Yes,49350,No
154288315,Premium Cutting,,Ega,No,No,0,,,,,,Unbranded,Redbox Royal Grooming,305000,,,,,,,,,,,,,,,-1,Yes,No,0,Yes,86850,No
154288316,Premium Cutting,,Ega,No,No,0,,,,,,Unbranded,Redbox Duke Grooming,270000,,,,,,,,,,,,,,,-19,Yes,No,0,Yes,76350,No
154288317,Premium Cutting,,Ega,No,No,0,,,,,,Unbranded,Redbox Royal Shaving,120000,,,,,,,,,,,,,,,0,Yes,No,0,Yes,36000,No
154288318,Premium Cutting,,Ega,No,No,0,,,,,,Unbranded,Premium Head Shave,120000,,,,,,,,,,,,,,,-2,Yes,No,0,Yes,33000,No
154288319,Premium Cutting,,Ega,No,No,0,,,,,,Unbranded,Beard & Mustache,35000,,,,,,,,,,,,,,,-58,Yes,No,0,Yes,10500,No
154288320,Premium Cutting,,Ega,No,No,0,,,,,,Unbranded,Traditional Shaving,60000,,,,,,,,,,,,,,,-19,Yes,No,0,Yes,18000,No
154288321,Premium Cutting,,Ega,No,No,0,,,,,,Unbranded,Hair Wash & Styling,20000,,,,,,,,,,,,,,,-3,Yes,No,0,Yes,6000,No
154288322,Premium Cutting,,Ega,No,No,0,,,,,,Unbranded,Fee Colouring,60000,,,,,,,,,,,,,,,-2,Yes,No,0,Yes,18000,No
154288323,Premium Cutting,,Ega,No,No,0,,,,,,Unbranded,Hair Colouring Long Hair,250000,,,,,,,,,,,,,,,-1,Yes,No,0,Yes,72000,No
154288324,Premium Cutting,,Ega,No,No,0,,,,,,Unbranded,Hair Colouring,150000,,,,,,,,,,,,,,,-220,Yes,No,0,Yes,45000,No
154288325,Premium Cutting,,Ega,No,No,0,,,,,,Unbranded,Hair Bleaching,350000,,,,,,,,,,,,,,,-1,Yes,No,0,Yes,105000,No
154288326,Premium Cutting,,Ega,No,No,0,,,,,,Unbranded,Hair Highlighting,300000,,,,,,,,,,,,,,,-1,Yes,No,0,Yes,90000,No
154288327,Premium Cutting,,Ega,No,No,0,,,,,,Unbranded,Hair Curly,300000,,,,,,,,,,,,,,,-13,Yes,No,0,Yes,90000,No
154288328,Premium Cutting,,Ega,No,No,0,,,,,,Unbranded,Smooth and Shape,450000,,,,,,,,,,,,,,,-10,Yes,No,0,Yes,135000,No
154288329,Premium Cutting,,Ega,No,No,0,,,,,,Unbranded,Hair Spa,100000,,,,,,,,,,,,,,,-21,Yes,No,0,Yes,30000,No
154288330,Premium Cutting,,Ega,No,No,0,,,,,,Unbranded,Creambath,70000,,,,,,,,,,,,,,,0,Yes,No,0,Yes,21000,No
154288331,Premium Cutting,,Ega,No,No,0,,,,,,Unbranded,Terra Blu Spa,150000,,,,,,,,,,,,,,,0,Yes,No,0,Yes,45000,No
154288332,Premium Cutting,,Ega,No,No,0,,,,,,Unbranded,Home Service Family,150000,,,,,,,,,,,,,,,-1,Yes,No,0,Yes,45000,No
154288333,Premium Cutting,,Ega,No,No,0,,,,,,Unbranded,Home Service Single,200000,,,,,,,,,,,,,,,0,Yes,No,0,Yes,60000,No
154288334,Premium Cutting,,Ega,No,No,0,,,,,,Unbranded,Down Perm,165000,,,,,,,,,,,,,,,0,Yes,No,0,Yes,49500,No
154288335,Premium Cutting,,Ega,No,No,0,,,,,,Unbranded,Root Lift,165000,,,,,,,,,,,,,,,-1,Yes,No,0,Yes,49500,No
154288336,Premium Cutting,,Ega,No,No,0,,,,,,Unbranded,Wedding Gentleman Grooming,350000,,,,,,,,,,,,,,,-1,Yes,No,0,Yes,105000,No
154288337,Premium Cutting,,Ega,No,No,0,,,,,,Unbranded,Wedding Royal Grooming Silver,500000,,,,,,,,,,,,,,,0,Yes,No,0,Yes,150000,No
154288338,Premium Cutting,,Ega,No,No,0,,,,,,Unbranded,Wedding Royal Grooming Gold,750000,,,,,,,,,,,,,,,0,Yes,No,0,Yes,225000,No
154288339,Premium Cutting,,Ega,No,No,0,,,,,,Unbranded,Wedding Royal Grooming Platinum,1000000,,,,,,,,,,,,,,,0,Yes,No,0,Yes,300000,No
154288348,Premium Cutting,,Ega,No,No,0,,,,,,Unbranded,Men Massage Service,135000,,,,,,,,,,,,,,,0,Yes,No,0,Yes,40500,No
154288349,Premium Cutting,,Ega,No,No,0,,,,,,Unbranded,Ear Candle,30000,,,,,,,,,,,,,,,-1,Yes,No,0,Yes,9000,No
154288350,Premium Cutting,,Ega,No,No,0,,,,,,Unbranded,Ear Singeing,65000,,,,,,,,,,,,,,,-1,Yes,No,0,Yes,19500,No
154288351,Premium Cutting,,Ega,No,No,0,,,,,,Unbranded,Ear Wax,60000,,,,,,,,,,,,,,,0,Yes,No,0,Yes,18000,No
154288352,Premium Cutting,,Ega,No,No,0,,,,,,Unbranded,Nose Wax,60000,,,,,,,,,,,,,,,-12,Yes,No,0,Yes,18000,No
154288353,Premium Cutting,,Ega,No,No,0,,,,,,Unbranded,Charcoal Deep Cleansing,95000,,,,,,,,,,,,,,,-5,Yes,No,0,Yes,28500,No
154288356,Premium Cutting,,Ega,No,No,0,,,,,,Unbranded,Charcoal Nose Cleansing Strip,55000,,,,,,,,,,,,,,,0,Yes,No,0,Yes,16500,No
154288357,Premium Cutting,,Ega,No,No,0,,,,,,Unbranded,Beard & Mustache Colour,200000,,,,,,,,,,,,,,,0,Yes,No,0,Yes,60000,No
154288358,Premium Cutting,,Ega,No,No,0,,,,,,Unbranded,Hair Tattoo Single,35000,,,,,,,,,,,,,,,-1,Yes,No,0,Yes,10500,No
154288359,Premium Cutting,,Ega,No,No,0,,,,,,Unbranded,Hair Tattoo Double Side,65000,,,,,,,,,,,,,,,0,Yes,No,0,Yes,19500,No
154288360,Premium Cutting,,Ega,No,No,0,,,,,,Unbranded,Hair Tattoo Full,100000,,,,,,,,,,,,,,,0,Yes,No,0,Yes,30000,No
154949674,Premium Cutting,,Ega,No,No,0,,,,,,Unbranded,Redbox Earl Grooming,225000,,,,,,,,,,,,,,,0,Yes,No,0,Yes,62850,No
195604904,Premium Cutting,,Ega,No,No,0,,,,,,Unbranded,Hair Care Keratin,400000,,,,,,,,,,,,,,,0,Yes,No,0,Yes,120000,No
204187132,Premium Cutting,,Ega,No,No,0,,,,,,Unbranded,Redbox Gentleman Grooming+,120000,,,,,,,,,,,,,,,-14,Yes,No,0,Yes,31500,No
48021315,Coffee,,Caramel Coffee,No,No,0,,,,,,Unbranded,Hot,,,,,,,,,,,,,,30000,,-227,Yes,Yes,0,No,,No
48021316,Coffee,,Caramel Coffee,No,No,0,,,,,,Unbranded,Ice,,,,,,,,,,,,,,30000,,-546,Yes,Yes,0,No,,No
48856518,Dessert,,French Fries,No,No,0,,,,,,Unbranded,,,,,,,,,,,,,,,25000,,-1596,Yes,Yes,0,No,,No
49337858,Uncategorized,,Packing,No,No,0,,,,,,Unbranded,Paper Bag,0,,,,,,,,,,,,,,,-3387,Yes,Yes,10,Yes,1489,No
49337859,Uncategorized,,Packing,No,No,0,,,,,,Unbranded,Botol 250 ml,0,,,,,,,,,,,,,,,170,Yes,Yes,10,Yes,1446,No
49337860,Uncategorized,,Packing,No,No,0,,,,,,Unbranded,Plastic Cup,0,,,,,,,,,,,,,,,592,Yes,Yes,0,Yes,0,No
49337861,Uncategorized,,Packing,No,No,0,,,,,,Unbranded,Paper Cup,0,,,,,,,,,,,,,,,0,Yes,Yes,0,Yes,0,No
58309871,Pomade,,HIS ERHA,No,No,0,,,,,,Unbranded,Hairgro Tonic 60 ml,140000,,,,,,,,,,,,,,,0,Yes,No,2,Yes,104945,Yes
58309872,Pomade,,HIS ERHA,No,No,0,,,,,,Unbranded,Grey Tonic 60 ml,160000,,,,,,,,,,,,,,,1,Yes,No,2,Yes,121067,Yes
58309873,Pomade,,HIS ERHA,No,No,0,,,,,,Unbranded,Waterbased Pomade 120 g,160000,,,,,,,,,,,,,,,0,Yes,No,2,Yes,104200,Yes
58309874,Pomade,,HIS ERHA,No,No,0,,,,,,Unbranded,Mattifying Clay 120 gr,165000,,,,,,,,,,,,,,,0,Yes,No,2,Yes,120332,Yes
76497328,Pomade,,HIS ERHA,No,No,0,,,,,,Unbranded,Hair Dust 12g,120000,,,,,,,,,,,,,,,0,Yes,No,2,Yes,84773,Yes
100137028,Pomade,,HIS ERHA,No,No,0,,,,,,Unbranded,Waterbased Pomade 35 g,80000,,,,,,,,,,,,,,,0,Yes,No,0,Yes,60500,Yes
100137029,Pomade,,HIS ERHA,No,No,0,,,,,,Unbranded,Mattifying Clay 35 gr,85000,,,,,,,,,,,,,,,0,Yes,No,0,Yes,64500,Yes
60369144,Dessert,,Choco Lava,No,No,0,,,,,,Unbranded,,,,,,,,,,,,,,,25000,,-510,Yes,Yes,4,No,,No
62535321,Coffee,,Specialty Coffee,No,No,0,,,,,,Unbranded,,,,,,,,,,,,,,,30000,,-489,Yes,Yes,0,No,,No
62535460,Coffee,,Japanese Coffee,No,No,0,,,,,,Unbranded,,,,,,,,,,,,,,,30000,,-585,Yes,Yes,0,No,,No
62536066,Coffee,,Extra Shot,No,No,0,,,,,,Unbranded,,,,,,,,,,,,,,,5000,,-167,Yes,Yes,0,Yes,0,No
63423815,Coffee,,Espresso,No,No,0,,,,,,Unbranded,Double,,,,,,,,,,,,,,20000,,-127,Yes,Yes,0,No,,No
64002239,Topping,,Ice Cream Topping,No,No,0,,,,,,Unbranded,Chocolate,,,,,,,,,,,,,,5000,,-37,Yes,Yes,0,No,,No
64002241,Topping,,Ice Cream Topping,No,No,0,,,,,,Unbranded,Vanilla,,,,,,,,,,,,,,5000,,-1341,Yes,Yes,0,No,,No
64002548,Dessert,,Original Waffle,No,No,0,,,,,,Unbranded,,,,,,,,,,,,,,,27000,,-1362,Yes,Yes,0,No,,No
64040528,Coffee,,Cafe Bon-Bon,No,No,0,,,,,,Unbranded,,,,,,,,,,,,,,,25000,,-198,Yes,Yes,0,No,,No
64040675,Dessert,,French Fries Waffles,No,No,0,,,,,,Unbranded,,,,,,,,,,,,,,,30000,,-419,Yes,Yes,0,No,,No
64162448,Non Coffee,,Milk Base,No,No,0,,,,,,Unbranded,Chocolate,,,,,,,,,,,,,,33000,,-1898,Yes,Yes,0,No,,No
64162449,Non Coffee,,Milk Base,No,No,0,,,,,,Unbranded,Green Tea,,,,,,,,,,,,,,33000,,-930,Yes,Yes,0,No,,No
64162450,Non Coffee,,Milk Base,No,No,0,,,,,,Unbranded,Red Velvet,,,,,,,,,,,,,,33000,,-510,Yes,Yes,0,No,,No
64162451,Non Coffee,,Milk Base,No,No,0,,,,,,Unbranded,Taro,,,,,,,,,,,,,,33000,,-585,Yes,Yes,0,No,,No
68295024,Non Coffee,,Milk Base,No,No,0,,,,,,Unbranded,Chocolate Hot,,,,,,,,,,,,,,33000,,0,No,No,0,No,,No
68295025,Non Coffee,,Milk Base,No,No,0,,,,,,Unbranded,Green Tea Hot,,,,,,,,,,,,,,33000,,0,No,No,0,No,,No
68295026,Non Coffee,,Milk Base,No,No,0,,,,,,Unbranded,Red Velvet Hot,,,,,,,,,,,,,,33000,,0,No,No,0,No,,No
68295027,Non Coffee,,Milk Base,No,No,0,,,,,,Unbranded,Taro Hot,,,,,,,,,,,,,,33000,,0,No,No,0,No,,No
64162508,Tea Base,,Lemon Grass,No,No,0,,,,,,Unbranded,Ice,,,,,,,,,,,,,,25000,,-863,Yes,Yes,0,No,,No
64162509,Tea Base,,Lemon Grass,No,No,0,,,,,,Unbranded,Hot,,,,,,,,,,,,,,25000,,-274,Yes,Yes,0,No,,No
64162542,Tea Base,,Lychee Tea,No,No,0,,,,,,Unbranded,Ice,,,,,,,,,,,,,,25000,,-2107,Yes,Yes,0,No,,No
64162543,Tea Base,,Lychee Tea,No,No,0,,,,,,Unbranded,Hot,,,,,,,,,,,,,,25000,,-112,Yes,Yes,0,No,,No
64162564,Tea Base,,Lemon Soda,No,No,0,,,,,,Unbranded,,,,,,,,,,,,,,,25000,,-431,Yes,Yes,0,No,,No
64162624,Tea Base,,Lychee Soda,No,No,0,,,,,,Unbranded,,,,,,,,,,,,,,,25000,,-377,Yes,Yes,0,No,,No
64197241,Tea Base,,Lemon Yakult Tea,No,No,0,,,,,,Unbranded,,,,,,,,,,,,,,,30000,,-582,Yes,Yes,0,No,,No
64197242,Tea Base,,Lychee Yakult Tea,No,No,0,,,,,,Unbranded,,,,,,,,,,,,,,,30000,,-1167,Yes,Yes,0,No,,No
66539250,Non Coffee,,Ice Cream Sundae,No,No,0,,,,,,Unbranded,Chocolate,,,,,,,,,,,,,,25000,,-57,Yes,Yes,0,No,,No
67204613,Non Coffee,,Ice Cream Sundae,No,No,0,,,,,,Unbranded,Vanilla,,,,,,,,,,,,,,25000,,-331,Yes,Yes,0,No,,No
86163411,CoffeeShop,,Virgin Tropical,No,No,0,,,,,,Unbranded,,,,,,,,,,,,,,,27000,,-121,Yes,Yes,0,Yes,5000,No
86164385,CoffeeShop,,Violety,No,No,0,,,,,,Unbranded,,,,,,,,,,,,,,,30000,,-77,Yes,Yes,0,Yes,5000,No
91922761,Premium Cutting,,Yuda,No,No,0,,,,,,Unbranded,Redbox Gentleman Grooming,110000,,,,,,,,,,,,,,,-7086,Yes,No,0,Yes,28500,No
91922762,Premium Cutting,,Yuda,No,No,0,,,,,,Unbranded,Redbox Long Trim Grooming,120000,,,,,,,,,,,,,,,-1244,Yes,No,0,Yes,31500,No
91922767,Premium Cutting,,Yuda,No,No,0,,,,,,Unbranded,Redbox Fade Cut Grooming,120000,,,,,,,,,,,,,,,-1397,Yes,No,0,Yes,31500,No
91923211,Premium Cutting,,Yuda,No,No,0,,,,,,Unbranded,Redbox Noble Grooming,160000,,,,,,,,,,,,,,,-184,Yes,No,0,Yes,37350,No
154544661,Premium Cutting,,Yuda,No,No,0,,,,,,Unbranded,Redbox Baron Grooming,180000,,,,,,,,,,,,,,,-477,Yes,No,0,Yes,49350,No
154544662,Premium Cutting,,Yuda,No,No,0,,,,,,Unbranded,Redbox Royal Grooming,305000,,,,,,,,,,,,,,,0,Yes,No,0,Yes,86850,No
154544663,Premium Cutting,,Yuda,No,No,0,,,,,,Unbranded,Redbox Duke Grooming,270000,,,,,,,,,,,,,,,-14,Yes,No,0,Yes,76350,No
154544664,Premium Cutting,,Yuda,No,No,0,,,,,,Unbranded,Redbox Royal Shaving,120000,,,,,,,,,,,,,,,-1,Yes,No,0,Yes,36000,No
154544665,Premium Cutting,,Yuda,No,No,0,,,,,,Unbranded,Premium Head Shave,120000,,,,,,,,,,,,,,,0,Yes,No,0,Yes,33000,No
154544666,Premium Cutting,,Yuda,No,No,0,,,,,,Unbranded,Beard & Mustache,35000,,,,,,,,,,,,,,,-38,Yes,No,0,Yes,10500,No
154544667,Premium Cutting,,Yuda,No,No,0,,,,,,Unbranded,Traditional Shaving,60000,,,,,,,,,,,,,,,0,Yes,No,0,Yes,18000,No
154544668,Premium Cutting,,Yuda,No,No,0,,,,,,Unbranded,Hair Wash & Styling,20000,,,,,,,,,,,,,,,-4,Yes,No,0,Yes,6000,No
154544669,Premium Cutting,,Yuda,No,No,0,,,,,,Unbranded,Fee Colouring,60000,,,,,,,,,,,,,,,-1,Yes,No,0,Yes,18000,No
154544670,Premium Cutting,,Yuda,No,No,0,,,,,,Unbranded,Hair Colouring Long Hair,250000,,,,,,,,,,,,,,,0,Yes,No,0,Yes,72000,No
154544671,Premium Cutting,,Yuda,No,No,0,,,,,,Unbranded,Hair Colouring,150000,,,,,,,,,,,,,,,-80,Yes,No,0,Yes,45000,No
154544672,Premium Cutting,,Yuda,No,No,0,,,,,,Unbranded,Hair Bleaching,350000,,,,,,,,,,,,,,,0,Yes,No,0,Yes,105000,No
154544673,Premium Cutting,,Yuda,No,No,0,,,,,,Unbranded,Hair Highlighting,300000,,,,,,,,,,,,,,,-1,Yes,No,0,Yes,90000,No
154544674,Premium Cutting,,Yuda,No,No,0,,,,,,Unbranded,Hair Curly,300000,,,,,,,,,,,,,,,-20,Yes,No,0,Yes,90000,No
154544675,Premium Cutting,,Yuda,No,No,0,,,,,,Unbranded,Smooth and Shape,450000,,,,,,,,,,,,,,,0,Yes,No,0,Yes,135000,No
154544676,Premium Cutting,,Yuda,No,No,0,,,,,,Unbranded,Hair Spa,100000,,,,,,,,,,,,,,,-8,Yes,No,0,Yes,30000,No
154544677,Premium Cutting,,Yuda,No,No,0,,,,,,Unbranded,Creambath,70000,,,,,,,,,,,,,,,0,Yes,No,0,Yes,21000,No
154544678,Premium Cutting,,Yuda,No,No,0,,,,,,Unbranded,Terra Blu Spa,150000,,,,,,,,,,,,,,,0,Yes,No,0,Yes,45000,No
154544711,Premium Cutting,,Yuda,No,No,0,,,,,,Unbranded,Home Service Family,150000,,,,,,,,,,,,,,,0,Yes,No,0,Yes,45000,No
154544712,Premium Cutting,,Yuda,No,No,0,,,,,,Unbranded,Home Service Single,200000,,,,,,,,,,,,,,,-1,Yes,No,0,Yes,60000,No
154544713,Premium Cutting,,Yuda,No,No,0,,,,,,Unbranded,Down Perm,165000,,,,,,,,,,,,,,,0,Yes,No,0,Yes,49500,No
154544714,Premium Cutting,,Yuda,No,No,0,,,,,,Unbranded,Root Lift,165000,,,,,,,,,,,,,,,-1,Yes,No,0,Yes,49500,No
154544715,Premium Cutting,,Yuda,No,No,0,,,,,,Unbranded,Wedding Gentleman Grooming,350000,,,,,,,,,,,,,,,0,Yes,No,0,Yes,105000,No
154544716,Premium Cutting,,Yuda,No,No,0,,,,,,Unbranded,Wedding Royal Grooming Silver,500000,,,,,,,,,,,,,,,0,Yes,No,0,Yes,150000,No
154544717,Premium Cutting,,Yuda,No,No,0,,,,,,Unbranded,Wedding Royal Grooming Gold,750000,,,,,,,,,,,,,,,0,Yes,No,0,Yes,225000,No
154544718,Premium Cutting,,Yuda,No,No,0,,,,,,Unbranded,Wedding Royal Grooming Platinum,1000000,,,,,,,,,,,,,,,0,Yes,No,0,Yes,300000,No
154544719,Premium Cutting,,Yuda,No,No,0,,,,,,Unbranded,Men Massage Service,135000,,,,,,,,,,,,,,,0,Yes,No,0,Yes,40500,No
154544720,Premium Cutting,,Yuda,No,No,0,,,,,,Unbranded,Ear Candle,30000,,,,,,,,,,,,,,,0,Yes,No,0,Yes,9000,No
154544721,Premium Cutting,,Yuda,No,No,0,,,,,,Unbranded,Ear Singeing,65000,,,,,,,,,,,,,,,-2,Yes,No,0,Yes,19500,No
154544722,Premium Cutting,,Yuda,No,No,0,,,,,,Unbranded,Ear Wax,60000,,,,,,,,,,,,,,,0,Yes,No,0,Yes,18000,No
154544723,Premium Cutting,,Yuda,No,No,0,,,,,,Unbranded,Nose Wax,60000,,,,,,,,,,,,,,,-2,Yes,No,0,Yes,18000,No
154544724,Premium Cutting,,Yuda,No,No,0,,,,,,Unbranded,Charcoal Deep Cleansing,95000,,,,,,,,,,,,,,,-2,Yes,No,0,Yes,28500,No
154544725,Premium Cutting,,Yuda,No,No,0,,,,,,Unbranded,Charcoal Nose Cleansing Strip,55000,,,,,,,,,,,,,,,0,Yes,No,0,Yes,16500,No
154544726,Premium Cutting,,Yuda,No,No,0,,,,,,Unbranded,Beard & Mustache Colour,200000,,,,,,,,,,,,,,,0,Yes,No,0,Yes,60000,No
154544727,Premium Cutting,,Yuda,No,No,0,,,,,,Unbranded,Hair Tattoo Single,35000,,,,,,,,,,,,,,,0,Yes,No,0,Yes,10500,No
154544728,Premium Cutting,,Yuda,No,No,0,,,,,,Unbranded,Hair Tattoo Double Side,65000,,,,,,,,,,,,,,,0,Yes,No,0,Yes,19500,No
154544729,Premium Cutting,,Yuda,No,No,0,,,,,,Unbranded,Hair Tattoo Full,100000,,,,,,,,,,,,,,,0,Yes,No,0,Yes,30000,No
154949723,Premium Cutting,,Yuda,No,No,0,,,,,,Unbranded,Redbox Earl Grooming,225000,,,,,,,,,,,,,,,0,Yes,No,0,Yes,62850,No
195605103,Premium Cutting,,Yuda,No,No,0,,,,,,Unbranded,Hair Care Keratin,400000,,,,,,,,,,,,,,,0,Yes,No,0,Yes,120000,No
204187199,Premium Cutting,,Yuda,No,No,0,,,,,,Unbranded,Redbox Gentleman Grooming+,120000,,,,,,,,,,,,,,,-16,Yes,No,0,Yes,31500,No
95686774,Coffee,,Baileys Coffee + Bottle,No,No,0,,,,,,Unbranded,,,,,,,,,,,,,,,39000,,-110,Yes,No,0,Yes,8500,No
96775220,Tea,,Tea Pack,No,No,0,,,,,,Unbranded,Blue Posh ,,,,,,,,,,,,,,50000,,-3,Yes,No,0,Yes,30000,No
96775221,Tea,,Tea Pack,No,No,0,,,,,,Unbranded,Chamomile Flower,,,,,,,,,,,,,,50000,,-6,Yes,No,0,Yes,33000,No
96775222,Tea,,Tea Pack,No,No,0,,,,,,Unbranded,Footloose ,,,,,,,,,,,,,,50000,,-10,Yes,No,0,Yes,30000,No
96775223,Tea,,Tea Pack,No,No,0,,,,,,Unbranded,Masala Chai Tea ,,,,,,,,,,,,,,50000,,-14,Yes,No,0,Yes,30000,No
96775224,Tea,,Tea Pack,No,No,0,,,,,,Unbranded,Pandan Wangi Tea ,,,,,,,,,,,,,,50000,,-1,Yes,No,0,Yes,30000,No
97298784,Tea,,Tea Pack,No,No,0,,,,,,Unbranded,Butterfly Pea,,,,,,,,,,,,,,50000,,-3,Yes,No,0,Yes,30000,No
102574604,Hair Product,,Barbara Mousse,No,No,0,,,,,,Unbranded,,,,,,,,,,,,,,,,50000,2,Yes,Yes,0,Yes,2295,Yes
105185434,Merchandise,,Mug Redbox,No,No,0,,,,,,Unbranded,,,,,,,,,,,,,,,,30000,6,Yes,Yes,0,Yes,15000,No
110962391,Loundry Sepatu,,Expres Cleaning,No,No,0,,,,,,Unbranded,Out Sould Only,45000,,,,,,,,,,,,,,,-187,Yes,Yes,0,Yes,1,No
110962392,Loundry Sepatu,,Expres Cleaning,No,No,0,,,,,,Unbranded,Out White,50000,,,,,,,,,,,,,,,-139,Yes,Yes,0,Yes,1,No
112327854,Loundry Sepatu,,Expres Cleaning,No,No,0,,,,,,Unbranded,Out Sould Only (Kids),35000,,,,,,,,,,,,,,,-3,Yes,Yes,0,Yes,1,No
112327855,Loundry Sepatu,,Expres Cleaning,No,No,0,,,,,,Unbranded,Out White (Kids),40000,,,,,,,,,,,,,,,-2,Yes,Yes,0,Yes,1,No
110962600,Loundry Sepatu,,Basic Cleaning Cousole Only,No,No,0,,,,,,Unbranded,Basic,40000,,,,,,,,,,,,,,,-99,Yes,Yes,0,Yes,1,No
110962601,Loundry Sepatu,,Basic Cleaning Cousole Only,No,No,0,,,,,,Unbranded,White,45000,,,,,,,,,,,,,,,-112,Yes,Yes,0,Yes,1,No
112326917,Loundry Sepatu,,Basic Cleaning Cousole Only,No,No,0,,,,,,Unbranded,Basic (Kids),30000,,,,,,,,,,,,,,,-3,Yes,Yes,0,Yes,1,No
112327944,Loundry Sepatu,,Basic Cleaning Cousole Only,No,No,0,,,,,,Unbranded,White (Kids),35000,,,,,,,,,,,,,,,-1,Yes,Yes,0,Yes,1,No
110962877,Loundry Sepatu,,Deep Cleaning (Outsole Insole),No,No,0,,,,,,Unbranded,Deep Clean ,50000,,,,,,,,,,,,,,,-1116,Yes,Yes,0,Yes,1,No
110962878,Loundry Sepatu,,Deep Cleaning (Outsole Insole),No,No,0,,,,,,Unbranded,Deep Clean White,65000,,,,,,,,,,,,,,,-1011,Yes,Yes,0,Yes,1,No
112326947,Loundry Sepatu,,Deep Cleaning (Outsole Insole),No,No,0,,,,,,Unbranded,Deep Clean (Kids),40000,,,,,,,,,,,,,,,-19,Yes,Yes,0,Yes,1,No
112327912,Loundry Sepatu,,Deep Cleaning (Outsole Insole),No,No,0,,,,,,Unbranded,Deep Clean White (Kids),45000,,,,,,,,,,,,,,,-7,Yes,Yes,0,Yes,1,No
110962911,Loundry Sepatu,,Boot Cleaning,No,No,0,,,,,,Unbranded,Outsole Insole,65000,,,,,,,,,,,,,,,-3,Yes,Yes,0,No,,No
110962959,Loundry Sepatu,,Bag Cleaning Service,No,No,0,,,,,,Unbranded,Small Size (max 30cm),70000,,,,,,,,,,,,,,,-68,Yes,Yes,0,Yes,1,No
110962960,Loundry Sepatu,,Bag Cleaning Service,No,No,0,,,,,,Unbranded,Big Size Besar (31-60cm),100000,,,,,,,,,,,,,,,-5,Yes,Yes,0,Yes,1,No
110962979,Loundry Sepatu,,Topi Cleaning Service,No,No,0,,,,,,Unbranded,Topi Cleaning Service,35000,,,,,,,,,,,,,,,-23,Yes,Yes,0,No,,No
111745888,Loundry Sepatu,,Unyellowing Package,No,No,0,,,,,,Unbranded,Unyellowing Upper,60000,,,,,,,,,,,,,,,-5,Yes,Yes,0,Yes,1,No
111745889,Loundry Sepatu,,Unyellowing Package,No,No,0,,,,,,Unbranded,Unyellowing Midsole,70000,,,,,,,,,,,,,,,-6,Yes,Yes,0,Yes,1,No
111745890,Loundry Sepatu,,Unyellowing Package,No,No,0,,,,,,Unbranded,Unyellowing Upper + Midsole,110000,,,,,,,,,,,,,,,-1,Yes,Yes,0,Yes,1,No
111749863,Loundry Sepatu,,Hat Cleaning Service,No,No,0,,,,,,Unbranded,Hat Cleaning Service,45000,,,,,,,,,,,,,,,-12,Yes,Yes,0,Yes,1,No
112477123,Loundry Sepatu,,Suede Cleaning,No,No,0,,,,,,Unbranded,Suede Cleaning,50000,,,,,,,,,,,,,,,-3,Yes,Yes,0,Yes,1,No
112477124,Loundry Sepatu,,Suede Cleaning,No,No,0,,,,,,Unbranded,Suede Cleaning White,65000,,,,,,,,,,,,,,,-2,Yes,Yes,0,Yes,1,No
113810885,Pomade,,Tezzen,No,No,0,,,,,,Unbranded,Tezzen Geryon ,135000,,,,,,,,,,,,,,,8,Yes,Yes,0,Yes,27392,Yes
115792711,Pomade,,Tezzen,No,No,0,,,,,,Unbranded,Tezzen Hercules,135000,,,,,,,,,,,,,,,12,Yes,Yes,0,Yes,105000,Yes
144435102,Pomade,,Tezzen,No,No,0,,,,,,Unbranded,Tezzen Zorro,160000,,,,,,,,,,,,,,,0,Yes,Yes,0,Yes,110000,Yes
114347040,Pomade,,Smith,No,No,0,,,,,,Unbranded,Smith Clayton,185000,,,,,,,,,,,,,,,0,Yes,Yes,0,Yes,157250,Yes
114347041,Pomade,,Smith,No,No,0,,,,,,Unbranded,Smith Ocean Dust,100000,,,,,,,,,,,,,,,0,Yes,Yes,0,Yes,75053,Yes
114347042,Pomade,,Smith,No,No,0,,,,,,Unbranded,Smith Dapper Spatter,130000,,,,,,,,,,,,,,,0,Yes,Yes,0,Yes,0,Yes
123249306,Pomade,,Smith,No,No,0,,,,,,Unbranded,Smith Dashing Slick,135000,,,,,,,,,,,,,,,0,Yes,Yes,0,Yes,0,Yes
133902148,Pomade,,Smith,No,No,0,,,,,,Unbranded,Smith Moon Dust,110000,,,,,,,,,,,,,,,0,Yes,Yes,0,Yes,84150,Yes
142982103,Pomade,,Smith,No,No,0,,,,,,Unbranded,Smith Black Jack,110000,,,,,,,,,,,,,,,0,Yes,Yes,0,Yes,0,Yes
114895458,Coffee,,Butterschoth,No,No,0,,,,,,Unbranded,Butterschoth Late,,,,,,,,,,,,,,30000,,-641,Yes,Yes,0,Yes,1,No
114895459,Coffee,,Butterschoth,No,No,0,,,,,,Unbranded,Butterschoth Late + Bottle,,,,,,,,,,,,,,39000,,-84,Yes,Yes,0,Yes,1,No
120001470,Parfum,,Eau De Parfum,No,No,0,,,,,,Unbranded,Mild Temptation,100000,,,,,,,,,,,,,,,0,Yes,Yes,0,Yes,39000,Yes
120001471,Parfum,,Eau De Parfum,No,No,0,,,,,,Unbranded,Sugar Baby,100000,,,,,,,,,,,,,,,0,Yes,Yes,0,Yes,38506,Yes
120001472,Parfum,,Eau De Parfum,No,No,0,,,,,,Unbranded,Baccarat,100000,,,,,,,,,,,,,,,0,Yes,Yes,0,Yes,37009,Yes
123892360,Parfum,,Eau De Parfum,No,No,0,,,,,,Unbranded,Wild Breeze,100000,,,,,,,,,,,,,,,0,Yes,Yes,0,Yes,38963,Yes
123892361,Parfum,,Eau De Parfum,No,No,0,,,,,,Unbranded,Dark Brew,120000,,,,,,,,,,,,,,,0,Yes,Yes,0,Yes,53000,Yes
132356169,Parfum,,Eau De Parfum,No,No,0,,,,,,Unbranded,Oum,120000,,,,,,,,,,,,,,,0,Yes,Yes,0,Yes,53000,Yes
147068218,Parfum,,Eau De Parfum,No,No,0,,,,,,Unbranded,Botuna,120000,,,,,,,,,,,,,,,2,Yes,Yes,0,Yes,53000,Yes
124667868,Snack,,Chicken Karaage,No,No,0,,,,,,Unbranded,,,,,,,,,,,,,,,30000,,-196,Yes,Yes,0,Yes,15000,No
124667925,Snack,,"Snack Mix (Nugget, Sosis, French Fries)",No,No,0,,,,,,Unbranded,,,,,,,,,,,,,,,30000,,-3,Yes,Yes,0,Yes,12500,No
125185249,Treathment,,Escalade,No,No,0,,,,,,Unbranded,Loss Less Hair Thickening Serum 30ml,150000,,,,,,,,,,,,,,,1,Yes,Yes,0,Yes,47472,Yes
125185250,Treathment,,Escalade,No,No,0,,,,,,Unbranded,Loss Less Hair Shampoo + Conditioner 250ml,100000,,,,,,,,,,,,,,,1,Yes,Yes,0,Yes,56000,Yes
125185251,Treathment,,Escalade,No,No,0,,,,,,Unbranded,Danddruff Shampoo 250ml,110000,,,,,,,,,,,,,,,3,Yes,Yes,0,Yes,60064,Yes
125185252,Treathment,,Escalade,No,No,0,,,,,,Unbranded,Danddruff Serum 30ml,150000,,,,,,,,,,,,,,,3,Yes,Yes,0,Yes,120000,Yes
146495484,Treathment,,Escalade,No,No,0,,,,,,Unbranded,Hair Repair Tonic 100ml,135000,,,,,,,,,,,,,,,0,Yes,Yes,0,Yes,64000,Yes
130751562,Pomade,,MANTOLOGY,No,No,0,,,,,,Unbranded,Arnhemia Hair Styling Powder-Pump ,135000,,,,,,,,,,,,,,,4,Yes,No,0,Yes,85000,Yes
130751563,Pomade,,MANTOLOGY,No,No,0,,,,,,Unbranded,Cheribon Hair Cream ,150000,,,,,,,,,,,,,,,0,Yes,No,0,Yes,90000,Yes
142981830,Pomade,,MANTOLOGY,No,No,0,,,,,,Unbranded,Quantum Sculpting Paste,150000,,,,,,,,,,,,,,,0,Yes,No,0,Yes,95000,Yes
131446513,Loundry Sepatu,,Repaint,No,No,0,,,,,,Unbranded,Repaint Out sole,160000,,,,,,,,,,,,,,,0,Yes,No,0,Yes,25000,No
131446514,Loundry Sepatu,,Repaint,No,No,0,,,,,,Unbranded,Repaint Full,200000,,,,,,,,,,,,,,,-1,Yes,No,0,Yes,35000,No
196028698,Loundry Sepatu,,Repaint,No,No,0,,,,,,Unbranded,Sol & Lem,40000,,,,,,,,,,,,,,,0,Yes,No,0,Yes,1,No
136355699,Premium Cutting,,Anggi,No,No,0,,,,,,Service Barber,Redbox Gentleman Grooming,110000,,,,,,,,,,,,,,,-1282,Yes,No,0,Yes,28500,No
136355700,Premium Cutting,,Anggi,No,No,0,,,,,,Service Barber,Redbox Long Trim Grooming,120000,,,,,,,,,,,,,,,-207,Yes,No,0,Yes,31500,No
157898165,Premium Cutting,,Anggi,No,No,0,,,,,,Service Barber,Redbox Fade Cut Grooming,120000,,,,,,,,,,,,,,,-764,Yes,No,0,Yes,31500,No
157898166,Premium Cutting,,Anggi,No,No,0,,,,,,Service Barber,Redbox Noble Grooming,160000,,,,,,,,,,,,,,,-16,Yes,No,0,Yes,37350,No
157898167,Premium Cutting,,Anggi,No,No,0,,,,,,Service Barber,Redbox Baron Grooming,180000,,,,,,,,,,,,,,,-316,Yes,No,0,Yes,49350,No
157898168,Premium Cutting,,Anggi,No,No,0,,,,,,Service Barber,Redbox Royal Grooming,305000,,,,,,,,,,,,,,,0,Yes,No,0,Yes,86850,No
157898169,Premium Cutting,,Anggi,No,No,0,,,,,,Service Barber,Redbox Duke Grooming,270000,,,,,,,,,,,,,,,-6,Yes,No,0,Yes,76350,No
157898170,Premium Cutting,,Anggi,No,No,0,,,,,,Service Barber,Redbox Earl Grooming,225000,,,,,,,,,,,,,,,-3,Yes,No,0,Yes,62850,No
157898171,Premium Cutting,,Anggi,No,No,0,,,,,,Service Barber,Redbox Royal Shaving,120000,,,,,,,,,,,,,,,0,Yes,No,0,Yes,36000,No
157898172,Premium Cutting,,Anggi,No,No,0,,,,,,Service Barber,Premium Head Shave,120000,,,,,,,,,,,,,,,0,Yes,No,0,Yes,33000,No
157898173,Premium Cutting,,Anggi,No,No,0,,,,,,Service Barber,Beard & Mustache,35000,,,,,,,,,,,,,,,-51,Yes,No,0,Yes,10500,No
157898174,Premium Cutting,,Anggi,No,No,0,,,,,,Service Barber,Traditional Shaving,60000,,,,,,,,,,,,,,,-9,Yes,No,0,Yes,18000,No
157898175,Premium Cutting,,Anggi,No,No,0,,,,,,Service Barber,Hair Wash & Styling,20000,,,,,,,,,,,,,,,-3,Yes,No,0,Yes,6000,No
157898176,Premium Cutting,,Anggi,No,No,0,,,,,,Service Barber,Fee Colouring,60000,,,,,,,,,,,,,,,-4,Yes,No,0,Yes,18000,No
157898229,Premium Cutting,,Anggi,No,No,0,,,,,,Service Barber,Hair Colouring Long Hair,250000,,,,,,,,,,,,,,,0,Yes,No,0,Yes,72000,No
157898230,Premium Cutting,,Anggi,No,No,0,,,,,,Service Barber,Hair Colouring,150000,,,,,,,,,,,,,,,-66,Yes,No,0,Yes,45000,No
157898231,Premium Cutting,,Anggi,No,No,0,,,,,,Service Barber,Hair Bleaching,350000,,,,,,,,,,,,,,,-1,Yes,No,0,Yes,105000,No
157898232,Premium Cutting,,Anggi,No,No,0,,,,,,Service Barber,Hair Highlighting,300000,,,,,,,,,,,,,,,-3,Yes,No,0,Yes,90000,No
157898233,Premium Cutting,,Anggi,No,No,0,,,,,,Service Barber,Hair Curly,300000,,,,,,,,,,,,,,,-4,Yes,No,0,Yes,90000,No
157898234,Premium Cutting,,Anggi,No,No,0,,,,,,Service Barber,Smooth and Shape,450000,,,,,,,,,,,,,,,-3,Yes,No,0,Yes,135000,No
157898235,Premium Cutting,,Anggi,No,No,0,,,,,,Service Barber,Hair Spa,100000,,,,,,,,,,,,,,,-5,Yes,No,0,Yes,30000,No
157898236,Premium Cutting,,Anggi,No,No,0,,,,,,Service Barber,Creambath,70000,,,,,,,,,,,,,,,0,Yes,No,0,Yes,21000,No
157898237,Premium Cutting,,Anggi,No,No,0,,,,,,Service Barber,Terra Blu Spa,150000,,,,,,,,,,,,,,,0,Yes,No,0,Yes,45000,No
157898238,Premium Cutting,,Anggi,No,No,0,,,,,,Service Barber,Home Service Family,150000,,,,,,,,,,,,,,,0,Yes,No,0,Yes,45000,No
157898239,Premium Cutting,,Anggi,No,No,0,,,,,,Service Barber,Home Service Single,200000,,,,,,,,,,,,,,,-4,Yes,No,0,Yes,60000,No
157898240,Premium Cutting,,Anggi,No,No,0,,,,,,Service Barber,Down Perm,165000,,,,,,,,,,,,,,,0,Yes,No,0,Yes,49500,No
157898241,Premium Cutting,,Anggi,No,No,0,,,,,,Service Barber,Root Lift,165000,,,,,,,,,,,,,,,0,Yes,No,0,Yes,49500,No
157898269,Premium Cutting,,Anggi,No,No,0,,,,,,Service Barber,Wedding Gentleman Grooming,350000,,,,,,,,,,,,,,,0,Yes,No,0,Yes,105000,No
157898270,Premium Cutting,,Anggi,No,No,0,,,,,,Service Barber,Wedding Royal Grooming Silver,500000,,,,,,,,,,,,,,,0,Yes,No,0,Yes,150000,No
157898271,Premium Cutting,,Anggi,No,No,0,,,,,,Service Barber,Wedding Royal Grooming Gold,750000,,,,,,,,,,,,,,,0,Yes,No,0,Yes,225000,No
157898272,Premium Cutting,,Anggi,No,No,0,,,,,,Service Barber,Wedding Royal Grooming Platinum,1000000,,,,,,,,,,,,,,,0,Yes,No,0,Yes,300000,No
157898273,Premium Cutting,,Anggi,No,No,0,,,,,,Service Barber,Men Massage Service,135000,,,,,,,,,,,,,,,-1,Yes,No,0,Yes,40500,No
157898274,Premium Cutting,,Anggi,No,No,0,,,,,,Service Barber,Ear Candle,30000,,,,,,,,,,,,,,,0,Yes,No,0,Yes,9000,No
157898275,Premium Cutting,,Anggi,No,No,0,,,,,,Service Barber,Ear Singeing,65000,,,,,,,,,,,,,,,-1,Yes,No,0,Yes,19500,No
157898276,Premium Cutting,,Anggi,No,No,0,,,,,,Service Barber,Ear Wax,60000,,,,,,,,,,,,,,,0,Yes,No,0,Yes,18000,No
157898277,Premium Cutting,,Anggi,No,No,0,,,,,,Service Barber,Nose Wax,60000,,,,,,,,,,,,,,,-7,Yes,No,0,Yes,18000,No
157898278,Premium Cutting,,Anggi,No,No,0,,,,,,Service Barber,Charcoal Deep Cleansing,95000,,,,,,,,,,,,,,,-1,Yes,No,0,Yes,28500,No
157898279,Premium Cutting,,Anggi,No,No,0,,,,,,Service Barber,Charcoal Nose Cleansing Strip,55000,,,,,,,,,,,,,,,0,Yes,No,0,Yes,16500,No
157898280,Premium Cutting,,Anggi,No,No,0,,,,,,Service Barber,Beard & Mustache Colour,200000,,,,,,,,,,,,,,,0,Yes,No,0,Yes,60000,No
157898281,Premium Cutting,,Anggi,No,No,0,,,,,,Service Barber,Hair Tattoo Single,35000,,,,,,,,,,,,,,,0,Yes,No,0,Yes,10500,No
157898282,Premium Cutting,,Anggi,No,No,0,,,,,,Service Barber,Hair Tattoo Double Side,65000,,,,,,,,,,,,,,,0,Yes,No,0,Yes,19500,No
157898283,Premium Cutting,,Anggi,No,No,0,,,,,,Service Barber,Hair Tattoo Full,100000,,,,,,,,,,,,,,,0,Yes,No,0,Yes,30000,No
195604860,Premium Cutting,,Anggi,No,No,0,,,,,,Service Barber,Hair Care Keratin,400000,,,,,,,,,,,,,,,0,Yes,No,0,Yes,120000,No
204187119,Premium Cutting,,Anggi,No,No,0,,,,,,Service Barber,Redbox Gentleman Grooming+,120000,,,,,,,,,,,,,,,0,Yes,No,0,Yes,31500,No
136355980,Premium Cutting,,Hamami,No,No,0,,,,,,Service Barber,Redbox Gentleman Grooming,110000,,,,,,,,,,,,,,,-206,Yes,No,0,Yes,28500,No
136355981,Premium Cutting,,Hamami,No,No,0,,,,,,Service Barber,Redbox Fade Cut Grooming,120000,,,,,,,,,,,,,,,-71,Yes,No,0,Yes,31500,No
136355982,Premium Cutting,,Hamami,No,No,0,,,,,,Service Barber,Redbox Baron Grooming,180000,,,,,,,,,,,,,,,-19,Yes,No,0,Yes,51000,No
136355983,Premium Cutting,,Hamami,No,No,0,,,,,,Service Barber,Redbox Duke Grooming,270000,,,,,,,,,,,,,,,-1,Yes,No,0,Yes,78000,No
136355984,Premium Cutting,,Hamami,No,No,0,,,,,,Service Barber,Redbox Noble Grooming,160000,,,,,,,,,,,,,,,0,Yes,No,0,Yes,39000,No
136355985,Premium Cutting,,Hamami,No,No,0,,,,,,Service Barber,Redbox Royal Grooming,305000,,,,,,,,,,,,,,,0,Yes,No,0,Yes,88500,No
136355986,Premium Cutting,,Hamami,No,No,0,,,,,,Service Barber,Redbox Royal Shaving,120000,,,,,,,,,,,,,,,0,Yes,No,0,Yes,36000,No
136355987,Premium Cutting,,Hamami,No,No,0,,,,,,Service Barber,Premium Head Shave,120000,,,,,,,,,,,,,,,0,Yes,No,0,Yes,36000,No
136355988,Premium Cutting,,Hamami,No,No,0,,,,,,Service Barber,Hair Wash & Styling,20000,,,,,,,,,,,,,,,-1,Yes,No,0,Yes,6000,No
136355989,Premium Cutting,,Hamami,No,No,0,,,,,,Service Barber,Beard & Mustache,35000,,,,,,,,,,,,,,,-8,Yes,No,0,Yes,10500,No
136355990,Premium Cutting,,Hamami,No,No,0,,,,,,Service Barber,Traditional Shaving,60000,,,,,,,,,,,,,,,-2,Yes,No,0,Yes,18000,No
136355991,Premium Cutting,,Hamami,No,No,0,,,,,,Service Barber,Creambath,70000,,,,,,,,,,,,,,,0,Yes,No,0,Yes,21000,No
136355992,Premium Cutting,,Hamami,No,No,0,,,,,,Service Barber,Hair Spa,100000,,,,,,,,,,,,,,,0,Yes,No,0,Yes,30000,No
136355993,Premium Cutting,,Hamami,No,No,0,,,,,,Service Barber,Hair Colouring,150000,,,,,,,,,,,,,,,-9,Yes,No,0,Yes,45000,No
136355994,Premium Cutting,,Hamami,No,No,0,,,,,,Service Barber,Hair Colouring (Long Hair),250000,,,,,,,,,,,,,,,0,Yes,No,0,Yes,72000,No
136355995,Premium Cutting,,Hamami,No,No,0,,,,,,Service Barber,Fee Colouring,60000,,,,,,,,,,,,,,,0,Yes,No,0,Yes,18000,No
136355996,Premium Cutting,,Hamami,No,No,0,,,,,,Service Barber,Hair Bleaching,350000,,,,,,,,,,,,,,,0,Yes,No,0,Yes,105000,No
136355997,Premium Cutting,,Hamami,No,No,0,,,,,,Service Barber,Hair Highlighting,300000,,,,,,,,,,,,,,,0,Yes,No,0,Yes,90000,No
136355998,Premium Cutting,,Hamami,No,No,0,,,,,,Service Barber,Hair Curly,300000,,,,,,,,,,,,,,,0,Yes,No,0,Yes,90000,No
136355999,Premium Cutting,,Hamami,No,No,0,,,,,,Service Barber,Smooth and Shape,450000,,,,,,,,,,,,,,,-1,Yes,No,0,Yes,135000,No
136356756,Premium Cutting,,Hamami,No,No,0,,,,,,Service Barber,Down Perm,165000,,,,,,,,,,,,,,,0,Yes,No,0,Yes,49500,No
136356757,Premium Cutting,,Hamami,No,No,0,,,,,,Service Barber,Root Lift,165000,,,,,,,,,,,,,,,0,Yes,No,0,Yes,49500,No
136356758,Premium Cutting,,Hamami,No,No,0,,,,,,Service Barber,Hair Tattoo Single,35000,,,,,,,,,,,,,,,0,Yes,No,0,Yes,10500,No
136356759,Premium Cutting,,Hamami,No,No,0,,,,,,Service Barber,Hair Tattoo Double Side,65000,,,,,,,,,,,,,,,0,Yes,No,0,Yes,19500,No
136356760,Premium Cutting,,Hamami,No,No,0,,,,,,Service Barber,Hair Tattoo Full,100000,,,,,,,,,,,,,,,0,Yes,No,0,Yes,30000,No
136356761,Premium Cutting,,Hamami,No,No,0,,,,,,Service Barber,Home Service Single,200000,,,,,,,,,,,,,,,0,Yes,No,0,Yes,60000,No
136356762,Premium Cutting,,Hamami,No,No,0,,,,,,Service Barber,Home Service Family,150000,,,,,,,,,,,,,,,0,Yes,No,0,Yes,45000,No
136356763,Premium Cutting,,Hamami,No,No,0,,,,,,Service Barber,Wedding Noble Grooming,200000,,,,,,,,,,,,,,,0,Yes,No,0,Yes,60000,No
136356764,Premium Cutting,,Hamami,No,No,0,,,,,,Service Barber,Wedding Gentleman Grooming,350000,,,,,,,,,,,,,,,0,Yes,No,0,Yes,105000,No
136356765,Premium Cutting,,Hamami,No,No,0,,,,,,Service Barber,Wedding Royal Grooming Silver,500000,,,,,,,,,,,,,,,0,Yes,No,0,Yes,150000,No
136356766,Premium Cutting,,Hamami,No,No,0,,,,,,Service Barber,Wedding Royal Grooming Gold,750000,,,,,,,,,,,,,,,0,Yes,No,0,Yes,225000,No
136356767,Premium Cutting,,Hamami,No,No,0,,,,,,Service Barber,Wedding Royal Grooming Platinum,1000000,,,,,,,,,,,,,,,0,Yes,No,0,Yes,300000,No
136356768,Premium Cutting,,Hamami,No,No,0,,,,,,Service Barber,Ear Wax,60000,,,,,,,,,,,,,,,0,Yes,No,0,Yes,18000,No
136356769,Premium Cutting,,Hamami,No,No,0,,,,,,Service Barber,Ear Singeing,65000,,,,,,,,,,,,,,,0,Yes,No,0,Yes,19500,No
136356770,Premium Cutting,,Hamami,No,No,0,,,,,,Service Barber,Ear Candle,30000,,,,,,,,,,,,,,,0,Yes,No,0,Yes,9000,No
136356771,Premium Cutting,,Hamami,No,No,0,,,,,,Service Barber,Nose Wax,60000,,,,,,,,,,,,,,,0,Yes,No,0,Yes,18000,No
136356772,Premium Cutting,,Hamami,No,No,0,,,,,,Service Barber,Men Massage Service,135000,,,,,,,,,,,,,,,0,Yes,No,0,Yes,40500,No
136356773,Premium Cutting,,Hamami,No,No,0,,,,,,Service Barber,Charcoal Deep Cleansing,95000,,,,,,,,,,,,,,,-1,Yes,No,0,Yes,28500,No
136356774,Premium Cutting,,Hamami,No,No,0,,,,,,Service Barber,Beard & Mustache Colour,200000,,,,,,,,,,,,,,,0,Yes,No,0,Yes,60000,No
136356775,Premium Cutting,,Hamami,No,No,0,,,,,,Service Barber,Charcoal Nose Cleansing Strip,55000,,,,,,,,,,,,,,,0,Yes,No,0,Yes,16500,No
146318767,Premium Cutting,,Hamami,No,No,0,,,,,,Service Barber,Redbox Long Trim Grooming,120000,,,,,,,,,,,,,,,-7,Yes,No,0,Yes,31500,No
196876372,Premium Cutting,,Hamami,No,No,0,,,,,,Service Barber,Redbox Earl Grooming,225000,,,,,,,,,,,,,,,0,Yes,No,0,Yes,62850,No
196876373,Premium Cutting,,Hamami,No,No,0,,,,,,Service Barber,Hair Care Keratin,400000,,,,,,,,,,,,,,,0,Yes,No,0,Yes,120000,No
204187138,Premium Cutting,,Hamami,No,No,0,,,,,,Service Barber,Redbox Gentleman Grooming+,120000,,,,,,,,,,,,,,,0,Yes,No,0,Yes,31500,No
139188396,Coffee,,Choco Mint,No,No,0,,,,,,Unbranded,,,,,,,,,,,,,,,33000,,-185,Yes,Yes,0,Yes,1,No
139188416,Coffee,,Mochaccino,No,No,0,,,,,,Unbranded,,,,,,,,,,,,,,,30000,,-42,Yes,Yes,0,Yes,1,No
139873693,Snack,,Chicken Karaage & French Fries,No,No,0,,,,,,Unbranded,,,,,,,,,,,,,,,45000,,-400,Yes,No,0,Yes,1,No
155653023,Ice Cream,,Sundaze Brown Sugar,No,No,0,,,,,,Unbranded,,,,,,,,,,,,,,,30000,,-2,Yes,Yes,0,Yes,1,No
155653041,Drink,,Sundaze Coconut Biscoff,No,No,0,,,,,,Unbranded,,,,,,,,,,,,,,,33000,,-17,Yes,Yes,0,Yes,1,No
155653056,Food,,French Fries Spiral,No,No,0,,,,,,Unbranded,,,,,,,,,,,,,,,30000,,-84,Yes,Yes,0,Yes,1,No
155653111,Food,,Hot Spicy Wings,No,No,0,,,,,,Unbranded,,,,,,,,,,,,,,,33000,,-43,Yes,Yes,0,Yes,1,No
155653189,Dessert,,Es Teler,No,No,0,,,,,,Unbranded,,,,,,,,,,,,,,,20000,,-108,Yes,Yes,0,Yes,1,No
160662063,Coffee,,Kopyor Coffee,No,No,0,,,,,,Unbranded,Kopyor Coffee,,,,,,,,,,,,,,30000,,-71,Yes,No,0,Yes,1,No
160662064,Coffee,,Kopyor Coffee,No,No,0,,,,,,Unbranded,Kopyor Coffee + Bottle,,,,,,,,,,,,,,39000,,-16,Yes,No,0,Yes,1,No
161082072,Parfum,,De Parfume,No,No,0,,,,,,Unbranded,Eleftthree Extrait De Parfume,120000,,,,,,,,,,,,,,,3,Yes,Yes,0,Yes,60000,Yes
161082073,Parfum,,De Parfume,No,No,0,,,,,,Unbranded,Psyhi Extrait De Parfume,120000,,,,,,,,,,,,,,,9,Yes,Yes,0,Yes,60000,Yes
170413985,Hair System,,Hair System for Men,No,No,0,,,,,,Unbranded,Hair System for Men (Paket),2800000,,,,,,,,,,,,,,,0,Yes,No,0,Yes,2800000,No
170413986,Hair System,,Hair System for Men,No,No,0,,,,,,Unbranded,"Hair System 0,08 for Men Full (Paket)",5200000,,,,,,,,,,,,,,,-2,Yes,No,0,Yes,5200000,No
170413987,Hair System,,Hair System for Men,No,No,0,,,,,,Unbranded,Hair System for Men (Non Paket),2500000,,,,,,,,,,,,,,,0,Yes,No,0,Yes,2500000,No
170413988,Hair System,,Hair System for Men,No,No,0,,,,,,Unbranded,"Hair System 0,08 for Men Full (Non Paket)",4780000,,,,,,,,,,,,,,,-1,Yes,No,0,Yes,4780000,No
188789759,Hair System,,Hair System for Men,No,No,0,,,,,,Unbranded,Retouch Hairsystem,300000,,,,,,,,,,,,,,,0,Yes,No,0,Yes,300000,No
191155968,Hair System,,Hair System for Men,No,No,0,,,,,,Unbranded,"Hair System 0,04 for Men Full (Paket)",5400000,,,,,,,,,,,,,,,-1,Yes,No,0,Yes,5400000,No
191155969,Hair System,,Hair System for Men,No,No,0,,,,,,Unbranded,"Hair System 0,04 for Men Full (Non Paket)",5000000,,,,,,,,,,,,,,,0,Yes,No,0,Yes,5000000,No
187037989,Coffee,,Matcha Coffee,No,No,0,,,,,,Unbranded,Macha Sweet Base,,,,,,,,,,,,,,30000,,-51,Yes,No,0,Yes,1,No
187037990,Coffee,,Matcha Coffee,No,No,0,,,,,,Unbranded,Macha Strawberry,,,,,,,,,,,,,,30000,,-18,Yes,No,0,Yes,1,No
187037991,Coffee,,Matcha Coffee,No,No,0,,,,,,Unbranded,Macha Coconut,,,,,,,,,,,,,,30000,,-7,Yes,No,0,Yes,1,No
187037992,Coffee,,Matcha Coffee,No,No,0,,,,,,Unbranded,Macha Coffee Milk,,,,,,,,,,,,,,30000,,-26,Yes,No,0,Yes,1,No
187037993,Coffee,,Matcha Coffee,No,No,0,,,,,,Unbranded,+Bottle,,,,,,,,,,,,,,9000,,0,Yes,No,0,Yes,1,No
187038823,Coffee,,Matcha Coffee,No,No,0,,,,,,Unbranded,Cloud Latte,,,,,,,,,,,,,,30000,,0,Yes,No,0,Yes,1,No
187038824,Coffee,,Matcha Coffee,No,No,0,,,,,,Unbranded,Dirty Latte,,,,,,,,,,,,,,30000,,0,Yes,No,0,Yes,1,No
187038825,Coffee,,Matcha Coffee,No,No,0,,,,,,Unbranded,Mont Blanc,,,,,,,,,,,,,,35000,,0,Yes,No,0,Yes,1,No
176517923,Hair System,,Hair System,No,No,0,,,,,,Unbranded,Grip Max,175000,,,,,,,,,,,,,,,-6,Yes,Yes,0,Yes,115000,Yes
176517924,Hair System,,Hair System,No,No,0,,,,,,Unbranded,Prosilk Vitamin,145000,,,,,,,,,,,,,,,0,Yes,Yes,0,Yes,95000,Yes
176517925,Hair System,,Hair System,No,No,0,,,,,,Unbranded,Grip Clear,125000,,,,,,,,,,,,,,,-5,Yes,Yes,0,Yes,85000,Yes
178780584,Snack,,Croissant,No,No,0,,,,,,Unbranded,Almond,,,,,,,,,,,,,,32000,,-22,Yes,Yes,0,Yes,0,No
178780585,Snack,,Croissant,No,No,0,,,,,,Unbranded,Banana Chocolate Hazelnut,,,,,,,,,,,,,,33000,,-9,Yes,Yes,0,Yes,0,No
178780586,Snack,,Croissant,No,No,0,,,,,,Unbranded,Beef Ham,,,,,,,,,,,,,,31000,,5,Yes,Yes,0,Yes,0,No
178780587,Snack,,Croissant,No,No,0,,,,,,Unbranded,Double Cheese,,,,,,,,,,,,,,30000,,-4,Yes,Yes,0,Yes,0,No
178780588,Snack,,Croissant,No,No,0,,,,,,Unbranded,Double Chocolate ,,,,,,,,,,,,,,29000,,-12,Yes,Yes,0,Yes,0,No
178780589,Snack,,Croissant,No,No,0,,,,,,Unbranded,Hazelnut Roll,,,,,,,,,,,,,,30000,,3,Yes,Yes,0,Yes,0,No
178780590,Snack,,Croissant,No,No,0,,,,,,Unbranded,Pepito Chocolate,,,,,,,,,,,,,,32000,,-7,Yes,Yes,0,Yes,0,No
178780591,Snack,,Croissant,No,No,0,,,,,,Unbranded,Raisin,,,,,,,,,,,,,,29000,,-3,Yes,Yes,0,Yes,0,No
187039096,Dessert,,Cheese Cake Blueberry,No,No,0,,,,,,Unbranded,,,,,,,,,,,,,,,33000,,-1,Yes,No,0,Yes,1,No
203227871,Uncategorized,,Biaya Reservasi,No,No,0,,,,,,Unbranded,,10000,,,,,,,,,,,,,,,0,No,No,0,No,,Yes
204008270,Uncategorized,,Kacang Goreng,No,No,0,,,,,,Unbranded,,25000,,,,,,,,,,,,,,,8,Yes,Yes,0,Yes,0,No