Internal ID Variant (Do Not Edit),Category,SKU,Items Name (Do Not Edit),ecommerce item? (Yes/No),Pre-order ? (Yes/No),Processing days,Weight (gm),Length (cm),Width (cm),Height (cm),Condition,Brand Name,Variant name,Basic - Price,Image 1 (for Online Store),Image 2 (for Online Store),Image 3 (for Online Store),Image 4 (for Online Store),Image 5 (for Online Store),Image 6 (for Online Store),Image 7 (for Online Store),Image 8 (for Online Store),Image 9 (for Online Store),Image 10 (for Online Store),Image 11 (for Online Store),Image 12 (for Online Store),In Stock,Track Stock,Track Alert,Stock Alert,Track Cost,Cost Amount,Modifier Set - Cashier - 384176
82158718,Pomade,,Doctor Dapper Pomade,No,No,0,,,,,,Unbranded,Original,205000,,,,,,,,,,,,,0,Yes,Yes,5,Yes,55282,Yes
82158717,Pomade,,Doctor Dapper Pomade,No,No,0,,,,,,Unbranded,Superior,205000,,,,,,,,,,,,,0,Yes,Yes,5,Yes,134503,Yes
82158567,Treathment,,Hair Product,No,No,0,,,,,,Unbranded,Gentle Fever,250000,,,,,,,,,,,,,0,Yes,Yes,5,No,,Yes
82158564,Treathment,,Hair Product,No,No,0,,,,,,Unbranded,Hair Food,35000,,,,,,,,,,,,,0,Yes,Yes,5,No,,Yes
82158568,Treathment,,Hair Product,No,No,0,,,,,,Unbranded,Hair Tonic,35000,,,,,,,,,,,,,0,Yes,Yes,5,Yes,22,Yes
82158566,Treathment,,Hair Product,No,No,0,,,,,,Unbranded,Shampoo True Blonde,60000,,,,,,,,,,,,,5,Yes,Yes,5,No,,Yes
82158563,Treathment,,Hair Product,No,No,0,,,,,,Unbranded,Serum Blue,35000,,,,,,,,,,,,,0,Yes,Yes,5,No,,Yes
82158565,Treathment,,Hair Product,No,No,0,,,,,,Unbranded,Serum Almond,35000,,,,,,,,,,,,,0,Yes,Yes,5,No,,Yes
82158762,Treathment,,Inaura Hair Nutrient,No,No,0,,,,,,Unbranded,,65000,,,,,,,,,,,,,3,Yes,Yes,3,Yes,44041,Yes
82158813,Hair Product,,Kenny Hair Styling Spray,No,No,0,,,,,,Unbranded,,55000,,,,,,,,,,,,,2,Yes,Yes,0,Yes,40333,Yes
82158584,Member Card,,Member Card,No,No,0,,,,,,Unbranded,,25000,,,,,,,,,,,,,-814,Yes,No,0,Yes,5000,Yes
82158687,Regular Cutting,,Sigit,No,No,0,,,,,,Unbranded,Hair Cut,75000,,,,,,,,,,,,,-4280,Yes,No,0,Yes,21000,No
82158686,Regular Cutting,,Sigit,No,No,0,,,,,,Unbranded,Hair Cut Long Trim,85000,,,,,,,,,,,,,-1464,Yes,No,0,Yes,24000,No
82158685,Regular Cutting,,Sigit,No,No,0,,,,,,Unbranded,Hair Cut with Fade,85000,,,,,,,,,,,,,-1132,Yes,No,0,Yes,24000,No
82158684,Regular Cutting,,Sigit,No,No,0,,,,,,Unbranded,Redbox Fade Cut Grooming,110000,,,,,,,,,,,,,-87,Yes,No,0,Yes,31500,No
82158683,Regular Cutting,,Sigit,No,No,0,,,,,,Unbranded,Redbox Gentleman Grooming,95000,,,,,,,,,,,,,-915,Yes,No,0,Yes,27000,No
82158679,Regular Cutting,,Sigit,No,No,0,,,,,,Unbranded,Redbox Noble Grooming,140000,,,,,,,,,,,,,-282,Yes,No,0,Yes,39000,No
83461840,Regular Cutting,,Sigit,No,No,0,,,,,,Unbranded,Redbox Baron Grooming,150000,,,,,,,,,,,,,-270,Yes,No,0,Yes,42000,No
89547043,Regular Cutting,,Sigit,No,No,0,,,,,,Unbranded,Redbox Royal Grooming,305000,,,,,,,,,,,,,-75,Yes,No,0,Yes,88500,No
131677312,Regular Cutting,,Sigit,No,No,0,,,,,,Unbranded,Redbox Duke Grooming,250000,,,,,,,,,,,,,-187,Yes,No,0,Yes,72000,No
154288515,Regular Cutting,,Sigit,No,No,0,,,,,,Unbranded,Redbox Royal Shaving,120000,,,,,,,,,,,,,0,Yes,No,0,Yes,34500,No
154288516,Regular Cutting,,Sigit,No,No,0,,,,,,Unbranded,Head Shave,120000,,,,,,,,,,,,,-14,Yes,No,0,Yes,34500,No
154288517,Regular Cutting,,Sigit,No,No,0,,,,,,Unbranded,Beard & Mustache,15000,,,,,,,,,,,,,-139,Yes,No,0,Yes,4500,No
154288518,Regular Cutting,,Sigit,No,No,0,,,,,,Unbranded,Shave,30000,,,,,,,,,,,,,-56,Yes,No,0,Yes,9000,No
154288519,Regular Cutting,,Sigit,No,No,0,,,,,,Unbranded,Traditional Shaving,60000,,,,,,,,,,,,,-4,Yes,No,0,Yes,18000,No
154288520,Regular Cutting,,Sigit,No,No,0,,,,,,Unbranded,Hair Wash & Styling,20000,,,,,,,,,,,,,-3,Yes,No,0,Yes,6000,No
154288521,Regular Cutting,,Sigit,No,No,0,,,,,,Unbranded,Fee Colouring,60000,,,,,,,,,,,,,0,Yes,No,0,Yes,18000,No
154288522,Regular Cutting,,Sigit,No,No,0,,,,,,Unbranded,Hair Colouring,150000,,,,,,,,,,,,,-40,Yes,No,0,Yes,45000,No
154288523,Regular Cutting,,Sigit,No,No,0,,,,,,Unbranded,Hair Bleaching,350000,,,,,,,,,,,,,-2,Yes,No,0,Yes,105000,No
154288524,Regular Cutting,,Sigit,No,No,0,,,,,,Unbranded,Hair Highlighting,300000,,,,,,,,,,,,,-1,Yes,No,0,Yes,90000,No
154288525,Regular Cutting,,Sigit,No,No,0,,,,,,Unbranded,Hair Curly,300000,,,,,,,,,,,,,-10,Yes,No,0,Yes,90000,No
154288526,Regular Cutting,,Sigit,No,No,0,,,,,,Unbranded,Smooth and Shape,450000,,,,,,,,,,,,,-3,Yes,No,0,Yes,135000,No
154288527,Regular Cutting,,Sigit,No,No,0,,,,,,Unbranded,Hair Spa,100000,,,,,,,,,,,,,-6,Yes,No,0,Yes,30000,No
154288528,Regular Cutting,,Sigit,No,No,0,,,,,,Unbranded,Creambath,70000,,,,,,,,,,,,,-2,Yes,No,0,Yes,21000,No
154288529,Regular Cutting,,Sigit,No,No,0,,,,,,Unbranded,Tera Blue Spa,150000,,,,,,,,,,,,,0,Yes,No,0,Yes,45000,No
154288530,Regular Cutting,,Sigit,No,No,0,,,,,,Unbranded,Home Service Family,150000,,,,,,,,,,,,,0,Yes,No,0,Yes,45000,No
154288544,Regular Cutting,,Sigit,No,No,0,,,,,,Unbranded,Home Service Single,200000,,,,,,,,,,,,,-2,Yes,No,0,Yes,60000,No
154288545,Regular Cutting,,Sigit,No,No,0,,,,,,Unbranded,Down Perm ,165000,,,,,,,,,,,,,-11,Yes,No,0,Yes,49500,No
154288546,Regular Cutting,,Sigit,No,No,0,,,,,,Unbranded,Root Lift,165000,,,,,,,,,,,,,0,Yes,No,0,Yes,49500,No
154288547,Regular Cutting,,Sigit,No,No,0,,,,,,Unbranded,Wedding Gentleman Grooming,350000,,,,,,,,,,,,,0,Yes,No,0,Yes,105000,No
154288548,Regular Cutting,,Sigit,No,No,0,,,,,,Unbranded,Wedding Royal Grooming Silver,500000,,,,,,,,,,,,,-1,Yes,No,0,Yes,150000,No
154288549,Regular Cutting,,Sigit,No,No,0,,,,,,Unbranded,Wedding Royal Grooming Gold,750000,,,,,,,,,,,,,0,Yes,No,0,Yes,225000,No
154288550,Regular Cutting,,Sigit,No,No,0,,,,,,Unbranded,Wedding Royal Grooming Platinum,1000000,,,,,,,,,,,,,0,Yes,No,0,Yes,300000,No
154288551,Regular Cutting,,Sigit,No,No,0,,,,,,Unbranded,Men Massage Service,135000,,,,,,,,,,,,,-1,Yes,No,0,Yes,40500,No
154288552,Regular Cutting,,Sigit,No,No,0,,,,,,Unbranded,Ear Candle,30000,,,,,,,,,,,,,-3,Yes,No,0,Yes,9000,No
154288553,Regular Cutting,,Sigit,No,No,0,,,,,,Unbranded,Ear Singeing,65000,,,,,,,,,,,,,0,Yes,No,0,Yes,19500,No
154288556,Regular Cutting,,Sigit,No,No,0,,,,,,Unbranded,Ear Wax,60000,,,,,,,,,,,,,0,Yes,No,0,Yes,18000,No
154288557,Regular Cutting,,Sigit,No,No,0,,,,,,Unbranded,Nose Wax,60000,,,,,,,,,,,,,0,Yes,No,0,Yes,18000,No
154288558,Regular Cutting,,Sigit,No,No,0,,,,,,Unbranded,Charcoal Deep Cleansing,95000,,,,,,,,,,,,,-2,Yes,No,0,Yes,28500,No
154288559,Regular Cutting,,Sigit,No,No,0,,,,,,Unbranded,Charcoal Nose Cleansing Strip,55000,,,,,,,,,,,,,0,Yes,No,0,Yes,16500,No
154288560,Regular Cutting,,Sigit,No,No,0,,,,,,Unbranded,Hair Tattoo,25000,,,,,,,,,,,,,0,Yes,No,0,Yes,7500,No
154288561,Regular Cutting,,Sigit,No,No,0,,,,,,Unbranded,Hair Tattoo Single,35000,,,,,,,,,,,,,0,Yes,No,0,Yes,10500,No
154288562,Regular Cutting,,Sigit,No,No,0,,,,,,Unbranded,Hair Tattoo Double Side,65000,,,,,,,,,,,,,0,Yes,No,0,Yes,19500,No
154288564,Regular Cutting,,Sigit,No,No,0,,,,,,Unbranded,Prewedding HD,60000,,,,,,,,,,,,,0,Yes,No,0,Yes,16500,No
154949609,Regular Cutting,,Sigit,No,No,0,,,,,,Unbranded,Redbox Earl Grooming,185000,,,,,,,,,,,,,-11,Yes,No,0,Yes,52500,No
188577851,Regular Cutting,,Sigit,No,No,0,,,,,,Unbranded,Hair Care Keratin,400000,,,,,,,,,,,,,0,Yes,No,0,Yes,120000,No
203963671,Regular Cutting,,Sigit,No,No,0,,,,,,Unbranded,Design Perm,450000,,,,,,,,,,,,,0,Yes,No,0,Yes,135000,No
82158673,Regular Cutting,,Prima,No,No,0,,,,,,Unbranded,Hair Cut,75000,,,,,,,,,,,,,-4795,Yes,No,0,Yes,21000,No
82158672,Regular Cutting,,Prima,No,No,0,,,,,,Unbranded,Hair Cut Long Trim,85000,,,,,,,,,,,,,-1360,Yes,No,0,Yes,24000,No
82158671,Regular Cutting,,Prima,No,No,0,,,,,,Unbranded,Hair Cut with Fade,85000,,,,,,,,,,,,,-1252,Yes,No,0,Yes,24000,No
154257470,Regular Cutting,,Prima,No,No,0,,,,,,Unbranded,Redbox Fade Cut Grooming,110000,,,,,,,,,,,,,0,Yes,No,0,Yes,31500,No
154257471,Regular Cutting,,Prima,No,No,0,,,,,,Unbranded,Redbox Gentleman Grooming,95000,,,,,,,,,,,,,-238,Yes,No,0,Yes,27000,No
154257472,Regular Cutting,,Prima,No,No,0,,,,,,Unbranded,Redbox Noble Grooming,140000,,,,,,,,,,,,,-104,Yes,No,0,Yes,39000,No
154257473,Regular Cutting,,Prima,No,No,0,,,,,,Unbranded,Redbox Baron Grooming,150000,,,,,,,,,,,,,-166,Yes,No,0,Yes,42000,No
154257474,Regular Cutting,,Prima,No,No,0,,,,,,Unbranded,Redbox Royal Grooming,305000,,,,,,,,,,,,,-3,Yes,No,0,Yes,88500,No
154257475,Regular Cutting,,Prima,No,No,0,,,,,,Unbranded,Redbox Duke Grooming,250000,,,,,,,,,,,,,-15,Yes,No,0,Yes,72000,No
154257476,Regular Cutting,,Prima,No,No,0,,,,,,Unbranded,Redbox Royal Shaving,120000,,,,,,,,,,,,,0,Yes,No,0,Yes,34500,No
154257477,Regular Cutting,,Prima,No,No,0,,,,,,Unbranded,Head Shave,120000,,,,,,,,,,,,,-1,Yes,No,0,Yes,34500,No
154257478,Regular Cutting,,Prima,No,No,0,,,,,,Unbranded,Beard & Mustache,15000,,,,,,,,,,,,,-172,Yes,No,0,Yes,4500,No
154257479,Regular Cutting,,Prima,No,No,0,,,,,,Unbranded,Shave,30000,,,,,,,,,,,,,-11,Yes,No,0,Yes,9000,No
154257480,Regular Cutting,,Prima,No,No,0,,,,,,Unbranded,Traditional Shaving,60000,,,,,,,,,,,,,0,Yes,No,0,Yes,18000,No
154257481,Regular Cutting,,Prima,No,No,0,,,,,,Unbranded,Hair Wash & Styling,20000,,,,,,,,,,,,,-2,Yes,No,0,Yes,6000,No
154257482,Regular Cutting,,Prima,No,No,0,,,,,,Unbranded,Fee Colouring,60000,,,,,,,,,,,,,0,Yes,No,0,Yes,18000,No
154257483,Regular Cutting,,Prima,No,No,0,,,,,,Unbranded,Hair Colouring,150000,,,,,,,,,,,,,-30,Yes,No,0,Yes,45000,No
154257484,Regular Cutting,,Prima,No,No,0,,,,,,Unbranded,Hair Bleaching,350000,,,,,,,,,,,,,-1,Yes,No,0,Yes,105000,No
154257485,Regular Cutting,,Prima,No,No,0,,,,,,Unbranded,Hair Highlighting,300000,,,,,,,,,,,,,-2,Yes,No,0,Yes,90000,No
154257486,Regular Cutting,,Prima,No,No,0,,,,,,Unbranded,Hair Curly,300000,,,,,,,,,,,,,-20,Yes,No,0,Yes,90000,No
154257487,Regular Cutting,,Prima,No,No,0,,,,,,Unbranded,Smooth and Shape,450000,,,,,,,,,,,,,-6,Yes,No,0,Yes,135000,No
154257526,Regular Cutting,,Prima,No,No,0,,,,,,Unbranded,Hair Spa,100000,,,,,,,,,,,,,0,Yes,No,0,Yes,30000,No
154257527,Regular Cutting,,Prima,No,No,0,,,,,,Unbranded,Creambath,70000,,,,,,,,,,,,,0,Yes,No,0,Yes,21000,No
154257528,Regular Cutting,,Prima,No,No,0,,,,,,Unbranded,Tera Blue Spa,150000,,,,,,,,,,,,,0,Yes,No,0,Yes,45000,No
154257529,Regular Cutting,,Prima,No,No,0,,,,,,Unbranded,Home Service Family,150000,,,,,,,,,,,,,0,Yes,No,0,Yes,45000,No
154257530,Regular Cutting,,Prima,No,No,0,,,,,,Unbranded,Home Service Single,200000,,,,,,,,,,,,,0,Yes,No,0,Yes,60000,No
154257531,Regular Cutting,,Prima,No,No,0,,,,,,Unbranded,Down Perm ,165000,,,,,,,,,,,,,0,Yes,No,0,Yes,49500,No
154257532,Regular Cutting,,Prima,No,No,0,,,,,,Unbranded,Root Lift,165000,,,,,,,,,,,,,0,Yes,No,0,Yes,49500,No
154257533,Regular Cutting,,Prima,No,No,0,,,,,,Unbranded,Wedding Gentleman Grooming,350000,,,,,,,,,,,,,0,Yes,No,0,Yes,105000,No
154257534,Regular Cutting,,Prima,No,No,0,,,,,,Unbranded,Wedding Royal Grooming Silver,500000,,,,,,,,,,,,,0,Yes,No,0,Yes,150000,No
154257535,Regular Cutting,,Prima,No,No,0,,,,,,Unbranded,Wedding Royal Grooming Gold,750000,,,,,,,,,,,,,0,Yes,No,0,Yes,225000,No
154257536,Regular Cutting,,Prima,No,No,0,,,,,,Unbranded,Wedding Royal Grooming Platinum,1000000,,,,,,,,,,,,,0,Yes,No,0,Yes,300000,No
154257537,Regular Cutting,,Prima,No,No,0,,,,,,Unbranded,Men Massage Service,135000,,,,,,,,,,,,,-1,Yes,No,0,Yes,40500,No
154257538,Regular Cutting,,Prima,No,No,0,,,,,,Unbranded,Ear Candle,30000,,,,,,,,,,,,,-3,Yes,No,0,Yes,9000,No
154257539,Regular Cutting,,Prima,No,No,0,,,,,,Unbranded,Ear Singeing,65000,,,,,,,,,,,,,0,Yes,No,0,Yes,19500,No
154257540,Regular Cutting,,Prima,No,No,0,,,,,,Unbranded,Ear Wax,60000,,,,,,,,,,,,,0,Yes,No,0,Yes,18000,No
154257541,Regular Cutting,,Prima,No,No,0,,,,,,Unbranded,Nose Wax,60000,,,,,,,,,,,,,0,Yes,No,0,Yes,18000,No
154257542,Regular Cutting,,Prima,No,No,0,,,,,,Unbranded,Charcoal Deep Cleansing,95000,,,,,,,,,,,,,0,Yes,No,0,Yes,28500,No
154257543,Regular Cutting,,Prima,No,No,0,,,,,,Unbranded,Charcoal Nose Cleansing Strip,55000,,,,,,,,,,,,,0,Yes,No,0,Yes,16500,No
154257555,Regular Cutting,,Prima,No,No,0,,,,,,Unbranded,Hair Tattoo,25000,,,,,,,,,,,,,0,Yes,No,0,Yes,7500,No
154257556,Regular Cutting,,Prima,No,No,0,,,,,,Unbranded,Hair Tattoo Single,35000,,,,,,,,,,,,,0,Yes,No,0,Yes,10500,No
154257557,Regular Cutting,,Prima,No,No,0,,,,,,Unbranded,Hair Tattoo Double Side,65000,,,,,,,,,,,,,0,Yes,No,0,Yes,19500,No
154257558,Regular Cutting,,Prima,No,No,0,,,,,,Unbranded,Prewedding HD,60000,,,,,,,,,,,,,0,Yes,No,0,Yes,16500,No
154949587,Regular Cutting,,Prima,No,No,0,,,,,,Unbranded,Redbox Earl Grooming,185000,,,,,,,,,,,,,-3,Yes,No,0,Yes,52500,No
195603552,Regular Cutting,,Prima,No,No,0,,,,,,Unbranded,Hair Care Keratin,400000,,,,,,,,,,,,,-1,Yes,No,0,Yes,120000,No
82158808,Uncategorized,,Packing,No,No,0,,,,,,Unbranded,Paper Bag,0,,,,,,,,,,,,,-1,Yes,Yes,10,No,,No
82158806,Uncategorized,,Packing,No,No,0,,,,,,Unbranded,Botol 250 ml,0,,,,,,,,,,,,,0,Yes,Yes,10,No,,No
82158807,Uncategorized,,Packing,No,No,0,,,,,,Unbranded,Plastic Cup,0,,,,,,,,,,,,,0,Yes,Yes,10,No,,No
82158809,Uncategorized,,Packing,No,No,0,,,,,,Unbranded,Paper Cup,0,,,,,,,,,,,,,0,Yes,Yes,10,No,,No
82158723,Pomade,,Redbox Pomade,No,No,0,,,,,,Unbranded,Redbox Waterbase 80gr,130000,,,,,,,,,,,,,4,Yes,Yes,5,Yes,40000,Yes
82158724,Pomade,,Redbox Pomade,No,No,0,,,,,,Unbranded,Redbox Waterbase 30gr,70000,,,,,,,,,,,,,6,Yes,Yes,5,Yes,25000,Yes
82158726,Pomade,,Redbox Pomade,No,No,0,,,,,,Unbranded,Redbox Oilbase 80gr,100000,,,,,,,,,,,,,3,Yes,Yes,5,Yes,37000,Yes
82158725,Pomade,,Redbox Pomade,No,No,0,,,,,,Unbranded,Redbox Oilbase 30gr,50000,,,,,,,,,,,,,5,Yes,Yes,5,Yes,23000,Yes
82158727,Pomade,,Redbox Pomade,No,No,0,,,,,,Unbranded,Redbox Clay 80gr,130000,,,,,,,,,,,,,10,Yes,Yes,3,Yes,43500,Yes
161978662,Pomade,,Redbox Pomade,No,No,0,,,,,,Unbranded,Redbox Clay 30gr,70000,,,,,,,,,,,,,3,Yes,Yes,5,Yes,16667,Yes
161978663,Pomade,,Redbox Pomade,No,No,0,,,,,,Unbranded,Redbox Hair Powder 10gr,120000,,,,,,,,,,,,,0,Yes,Yes,5,Yes,1,Yes
82158710,Regular Cutting,,Regular Cutting,No,No,0,,,,,,Unbranded,,0,,,,,,,,,,,,,0,No,No,0,No,,No
82158577,Hair Product,,Sisir Rambut,No,No,0,,,,,,Unbranded,Sisir Benchmade,150000,,,,,,,,,,,,,0,Yes,Yes,5,Yes,2000,Yes
82158573,Hair Product,,Sisir Rambut,No,No,0,,,,,,Unbranded,Sisir Panjang,20000,,,,,,,,,,,,,0,Yes,Yes,5,Yes,2000,Yes
82158570,Hair Product,,Sisir Rambut,No,No,0,,,,,,Unbranded,Sisir Switch Blade,70000,,,,,,,,,,,,,0,Yes,Yes,5,Yes,2000,Yes
82158579,Hair Product,,Sisir Rambut,No,No,0,,,,,,Unbranded,Sisir Lipat Plastik,20000,,,,,,,,,,,,,0,Yes,Yes,5,Yes,2000,Yes
82158574,Hair Product,,Sisir Rambut,No,No,0,,,,,,Unbranded,Sisir Benchmade Plastik,50000,,,,,,,,,,,,,0,Yes,Yes,5,Yes,2000,Yes
82158571,Hair Product,,Sisir Rambut,No,No,0,,,,,,Unbranded,Sisir Kayu Lipat,100000,,,,,,,,,,,,,0,Yes,Yes,5,Yes,2000,Yes
82158572,Hair Product,,Sisir Rambut,No,No,0,,,,,,Unbranded,Sisir Kayu,50000,,,,,,,,,,,,,0,Yes,Yes,5,Yes,2000,Yes
82158575,Hair Product,,Sisir Rambut,No,No,0,,,,,,Unbranded,Sisir Jambang,60000,,,,,,,,,,,,,0,Yes,Yes,5,Yes,2000,Yes
82158576,Hair Product,,Sisir Rambut,No,No,0,,,,,,Unbranded,Sisir Bulat,20000,,,,,,,,,,,,,0,Yes,Yes,5,Yes,2000,Yes
82158580,Hair Product,,Sisir Rambut,No,No,0,,,,,,Unbranded,Sisir Mini,10000,,,,,,,,,,,,,0,Yes,Yes,5,Yes,2000,Yes
82158578,Hair Product,,Sisir Rambut,No,No,0,,,,,,Unbranded,Sisir Blow,30000,,,,,,,,,,,,,0,Yes,Yes,0,Yes,2000,Yes
82158745,Pomade,,Suavecito Pomade,No,No,0,,,,,,Unbranded,Original,200000,,,,,,,,,,,,,0,Yes,Yes,5,Yes,89684,Yes
82158744,Pomade,,Suavecito Pomade,No,No,0,,,,,,Unbranded,Firme Hold,200000,,,,,,,,,,,,,0,Yes,Yes,5,Yes,0,Yes
82158743,Pomade,,Suavecito Pomade,No,No,0,,,,,,Unbranded,Matte Pomade,200000,,,,,,,,,,,,,0,Yes,Yes,5,Yes,0,Yes
82158742,Pomade,,Suavecito Pomade,No,No,0,,,,,,Unbranded,Hair Colour,130000,,,,,,,,,,,,,0,Yes,Yes,5,Yes,49091,Yes
82158711,Uncategorized,,TIPS,No,No,0,,,,,,Unbranded,,0,,,,,,,,,,,,,0,No,No,0,No,,No
82158837,Regular Cutting,,Putra,No,No,0,,,,,,Unbranded,Hair Cut,75000,,,,,,,,,,,,,-4498,Yes,No,0,Yes,21000,No
82158838,Regular Cutting,,Putra,No,No,0,,,,,,Unbranded,Hair Cut Long Trim,85000,,,,,,,,,,,,,-1393,Yes,No,0,Yes,24000,No
82158839,Regular Cutting,,Putra,No,No,0,,,,,,Unbranded,Hair Cut with Fade,85000,,,,,,,,,,,,,-1163,Yes,No,0,Yes,24000,No
82158841,Regular Cutting,,Putra,No,No,0,,,,,,Unbranded,Redbox Fade Cut Grooming,110000,,,,,,,,,,,,,-473,Yes,No,0,Yes,31500,No
82158828,Regular Cutting,,Putra,No,No,0,,,,,,Unbranded,Redbox Gentleman Grooming,95000,,,,,,,,,,,,,-237,Yes,No,0,Yes,27000,No
89542499,Regular Cutting,,Putra,No,No,0,,,,,,Unbranded,Redbox Noble Grooming,140000,,,,,,,,,,,,,-189,Yes,No,0,Yes,39000,No
131677278,Regular Cutting,,Putra,No,No,0,,,,,,Unbranded,Redbox Baron Grooming,150000,,,,,,,,,,,,,-273,Yes,No,0,Yes,42000,No
154430610,Regular Cutting,,Putra,No,No,0,,,,,,Unbranded,Redbox Royal Grooming,305000,,,,,,,,,,,,,0,Yes,No,0,Yes,88500,No
154430611,Regular Cutting,,Putra,No,No,0,,,,,,Unbranded,Redbox Duke Grooming,250000,,,,,,,,,,,,,-4,Yes,No,0,Yes,72000,No
154430612,Regular Cutting,,Putra,No,No,0,,,,,,Unbranded,Redbox Royal Shaving,120000,,,,,,,,,,,,,0,Yes,No,0,Yes,34500,No
154430613,Regular Cutting,,Putra,No,No,0,,,,,,Unbranded,Head Shave,120000,,,,,,,,,,,,,-5,Yes,No,0,Yes,34500,No
154430614,Regular Cutting,,Putra,No,No,0,,,,,,Unbranded,Beard & Mustache,15000,,,,,,,,,,,,,-135,Yes,No,0,Yes,4500,No
154430615,Regular Cutting,,Putra,No,No,0,,,,,,Unbranded,Shave,30000,,,,,,,,,,,,,-16,Yes,No,0,Yes,9000,No
154430616,Regular Cutting,,Putra,No,No,0,,,,,,Unbranded,Traditional Shaving,60000,,,,,,,,,,,,,0,Yes,No,0,Yes,18000,No
154430617,Regular Cutting,,Putra,No,No,0,,,,,,Unbranded,Hair Wash & Styling,20000,,,,,,,,,,,,,-2,Yes,No,0,Yes,6000,No
154430618,Regular Cutting,,Putra,No,No,0,,,,,,Unbranded,Fee Colouring,60000,,,,,,,,,,,,,0,Yes,No,0,Yes,18000,No
154430619,Regular Cutting,,Putra,No,No,0,,,,,,Unbranded,Hair Colouring,150000,,,,,,,,,,,,,-31,Yes,No,0,Yes,45000,No
154430620,Regular Cutting,,Putra,No,No,0,,,,,,Unbranded,Hair Bleaching,350000,,,,,,,,,,,,,-3,Yes,No,0,Yes,105000,No
154430621,Regular Cutting,,Putra,No,No,0,,,,,,Unbranded,Hair Highlighting,300000,,,,,,,,,,,,,-6,Yes,No,0,Yes,90000,No
154430622,Regular Cutting,,Putra,No,No,0,,,,,,Unbranded,Hair Curly,300000,,,,,,,,,,,,,-12,Yes,No,0,Yes,90000,No
154430623,Regular Cutting,,Putra,No,No,0,,,,,,Unbranded,Smooth and Shape,450000,,,,,,,,,,,,,-6,Yes,No,0,Yes,135000,No
154430624,Regular Cutting,,Putra,No,No,0,,,,,,Unbranded,Hair Spa,100000,,,,,,,,,,,,,-4,Yes,No,0,Yes,30000,No
154430625,Regular Cutting,,Putra,No,No,0,,,,,,Unbranded,Creambath,70000,,,,,,,,,,,,,-1,Yes,No,0,Yes,21000,No
154430626,Regular Cutting,,Putra,No,No,0,,,,,,Unbranded,Tera Blue Spa,150000,,,,,,,,,,,,,0,Yes,No,0,Yes,45000,No
154430627,Regular Cutting,,Putra,No,No,0,,,,,,Unbranded,Home Service Family,150000,,,,,,,,,,,,,0,Yes,No,0,Yes,45000,No
154430628,Regular Cutting,,Putra,No,No,0,,,,,,Unbranded,Home Service Single,200000,,,,,,,,,,,,,-2,Yes,No,0,Yes,60000,No
154430629,Regular Cutting,,Putra,No,No,0,,,,,,Unbranded,Down Perm ,165000,,,,,,,,,,,,,-1,Yes,No,0,Yes,49500,No
154430630,Regular Cutting,,Putra,No,No,0,,,,,,Unbranded,Root Lift,165000,,,,,,,,,,,,,-2,Yes,No,0,Yes,49500,No
154430631,Regular Cutting,,Putra,No,No,0,,,,,,Unbranded,Wedding Gentleman Grooming,350000,,,,,,,,,,,,,-1,Yes,No,0,Yes,105000,No
154430632,Regular Cutting,,Putra,No,No,0,,,,,,Unbranded,Wedding Royal Grooming Silver,500000,,,,,,,,,,,,,0,Yes,No,0,Yes,150000,No
154430633,Regular Cutting,,Putra,No,No,0,,,,,,Unbranded,Wedding Royal Grooming Gold,750000,,,,,,,,,,,,,0,Yes,No,0,Yes,225000,No
154430634,Regular Cutting,,Putra,No,No,0,,,,,,Unbranded,Wedding Royal Grooming Platinum,1000000,,,,,,,,,,,,,0,Yes,No,0,Yes,300000,No
154430635,Regular Cutting,,Putra,No,No,0,,,,,,Unbranded,Men Massage Service,135000,,,,,,,,,,,,,-1,Yes,No,0,Yes,40500,No
154430636,Regular Cutting,,Putra,No,No,0,,,,,,Unbranded,Ear Candle,30000,,,,,,,,,,,,,0,Yes,No,0,Yes,9000,No
154430637,Regular Cutting,,Putra,No,No,0,,,,,,Unbranded,Ear Singeing,65000,,,,,,,,,,,,,0,Yes,No,0,Yes,19500,No
154430638,Regular Cutting,,Putra,No,No,0,,,,,,Unbranded,Ear Wax,60000,,,,,,,,,,,,,0,Yes,No,0,Yes,18000,No
154430639,Regular Cutting,,Putra,No,No,0,,,,,,Unbranded,Nose Wax,60000,,,,,,,,,,,,,0,Yes,No,0,Yes,18000,No
154430647,Regular Cutting,,Putra,No,No,0,,,,,,Unbranded,Charcoal Deep Cleansing,95000,,,,,,,,,,,,,0,Yes,No,0,Yes,28500,No
154430648,Regular Cutting,,Putra,No,No,0,,,,,,Unbranded,Charcoal Nose Cleansing Strip,55000,,,,,,,,,,,,,0,Yes,No,0,Yes,16500,No
154430649,Regular Cutting,,Putra,No,No,0,,,,,,Unbranded,Hair Tattoo,25000,,,,,,,,,,,,,0,Yes,No,0,Yes,7500,No
154430650,Regular Cutting,,Putra,No,No,0,,,,,,Unbranded,Hair Tattoo Single,35000,,,,,,,,,,,,,-1,Yes,No,0,Yes,10500,No
154430651,Regular Cutting,,Putra,No,No,0,,,,,,Unbranded,Hair Tattoo Double Side,65000,,,,,,,,,,,,,0,Yes,No,0,Yes,19500,No
154430652,Regular Cutting,,Putra,No,No,0,,,,,,Unbranded,Prewedding HD,60000,,,,,,,,,,,,,0,Yes,No,0,Yes,16500,No
154949572,Regular Cutting,,Putra,No,No,0,,,,,,Unbranded,Redbox Earl Grooming,185000,,,,,,,,,,,,,-3,Yes,No,0,Yes,52500,No
195604757,Regular Cutting,,Putra,No,No,0,,,,,,Unbranded,Hair Care Keratin,400000,,,,,,,,,,,,,0,Yes,No,0,Yes,120000,No
82200992,Regular Cutting,,Didi,No,No,0,,,,,,Unbranded,Hair Cut,75000,,,,,,,,,,,,,-1324,Yes,No,0,Yes,21000,No
82200993,Regular Cutting,,Didi,No,No,0,,,,,,Unbranded,Hair Cut Long Trim,85000,,,,,,,,,,,,,-336,Yes,No,0,Yes,24000,No
82200996,Regular Cutting,,Didi,No,No,0,,,,,,Unbranded,Hair Cut with Fade,85000,,,,,,,,,,,,,-927,Yes,No,0,Yes,24000,No
149124904,Regular Cutting,,Didi,No,No,0,,,,,,Unbranded,Redbox Fade Cut Grooming,110000,,,,,,,,,,,,,-77,Yes,No,0,Yes,31500,No
154329577,Regular Cutting,,Didi,No,No,0,,,,,,Unbranded,Redbox Gentleman Grooming,95000,,,,,,,,,,,,,-102,Yes,No,0,Yes,27000,No
154329578,Regular Cutting,,Didi,No,No,0,,,,,,Unbranded,Redbox Noble Grooming,140000,,,,,,,,,,,,,-106,Yes,No,0,Yes,39000,No
154329579,Regular Cutting,,Didi,No,No,0,,,,,,Unbranded,Redbox Baron Grooming,150000,,,,,,,,,,,,,-257,Yes,No,0,Yes,42000,No
154329580,Regular Cutting,,Didi,No,No,0,,,,,,Unbranded,Redbox Royal Grooming,305000,,,,,,,,,,,,,-2,Yes,No,0,Yes,88500,No
154329581,Regular Cutting,,Didi,No,No,0,,,,,,Unbranded,Redbox Duke Grooming,250000,,,,,,,,,,,,,-6,Yes,No,0,Yes,72000,No
154329582,Regular Cutting,,Didi,No,No,0,,,,,,Unbranded,Redbox Royal Shaving,120000,,,,,,,,,,,,,0,Yes,No,0,Yes,34500,No
154329583,Regular Cutting,,Didi,No,No,0,,,,,,Unbranded,Head Shave,120000,,,,,,,,,,,,,0,Yes,No,0,Yes,34500,No
154329584,Regular Cutting,,Didi,No,No,0,,,,,,Unbranded,Beard & Mustache,15000,,,,,,,,,,,,,-248,Yes,No,0,Yes,4500,No
154329585,Regular Cutting,,Didi,No,No,0,,,,,,Unbranded,Shave,30000,,,,,,,,,,,,,-12,Yes,No,0,Yes,9000,No
154329586,Regular Cutting,,Didi,No,No,0,,,,,,Unbranded,Traditional Shaving,60000,,,,,,,,,,,,,0,Yes,No,0,Yes,18000,No
154329587,Regular Cutting,,Didi,No,No,0,,,,,,Unbranded,Hair Wash & Styling,20000,,,,,,,,,,,,,0,Yes,No,0,Yes,6000,No
154329588,Regular Cutting,,Didi,No,No,0,,,,,,Unbranded,Fee Colouring,60000,,,,,,,,,,,,,-1,Yes,No,0,Yes,18000,No
154329589,Regular Cutting,,Didi,No,No,0,,,,,,Unbranded,Hair Colouring,150000,,,,,,,,,,,,,-23,Yes,No,0,Yes,45000,No
154329590,Regular Cutting,,Didi,No,No,0,,,,,,Unbranded,Hair Bleaching,350000,,,,,,,,,,,,,0,Yes,No,0,Yes,105000,No
154329591,Regular Cutting,,Didi,No,No,0,,,,,,Unbranded,Hair Highlighting,300000,,,,,,,,,,,,,-3,Yes,No,0,Yes,90000,No
154329592,Regular Cutting,,Didi,No,No,0,,,,,,Unbranded,Hair Curly,300000,,,,,,,,,,,,,-16,Yes,No,0,Yes,90000,No
154329593,Regular Cutting,,Didi,No,No,0,,,,,,Unbranded,Smooth and Shape,450000,,,,,,,,,,,,,-2,Yes,No,0,Yes,135000,No
154329594,Regular Cutting,,Didi,No,No,0,,,,,,Unbranded,Hair Spa,100000,,,,,,,,,,,,,-3,Yes,No,0,Yes,30000,No
154329595,Regular Cutting,,Didi,No,No,0,,,,,,Unbranded,Creambath,70000,,,,,,,,,,,,,0,Yes,No,0,Yes,21000,No
154329596,Regular Cutting,,Didi,No,No,0,,,,,,Unbranded,Tera Blue Spa,150000,,,,,,,,,,,,,0,Yes,No,0,Yes,45000,No
154329597,Regular Cutting,,Didi,No,No,0,,,,,,Unbranded,Home Service Family,150000,,,,,,,,,,,,,0,Yes,No,0,Yes,45000,No
154329598,Regular Cutting,,Didi,No,No,0,,,,,,Unbranded,Home Service Single,200000,,,,,,,,,,,,,-1,Yes,No,0,Yes,60000,No
154329599,Regular Cutting,,Didi,No,No,0,,,,,,Unbranded,Down Perm ,165000,,,,,,,,,,,,,0,Yes,No,0,Yes,49500,No
154329634,Regular Cutting,,Didi,No,No,0,,,,,,Unbranded,Root Lift,165000,,,,,,,,,,,,,0,Yes,No,0,Yes,49500,No
154329635,Regular Cutting,,Didi,No,No,0,,,,,,Unbranded,Wedding Gentleman Grooming,350000,,,,,,,,,,,,,0,Yes,No,0,Yes,105000,No
154329636,Regular Cutting,,Didi,No,No,0,,,,,,Unbranded,Wedding Royal Grooming Silver,500000,,,,,,,,,,,,,0,Yes,No,0,Yes,150000,No
154329637,Regular Cutting,,Didi,No,No,0,,,,,,Unbranded,Wedding Royal Grooming Gold,750000,,,,,,,,,,,,,0,Yes,No,0,Yes,225000,No
154329638,Regular Cutting,,Didi,No,No,0,,,,,,Unbranded,Wedding Royal Grooming Platinum,1000000,,,,,,,,,,,,,0,Yes,No,0,Yes,300000,No
154329639,Regular Cutting,,Didi,No,No,0,,,,,,Unbranded,Men Massage Service,135000,,,,,,,,,,,,,-1,Yes,No,0,Yes,40500,No
154329640,Regular Cutting,,Didi,No,No,0,,,,,,Unbranded,Ear Candle,30000,,,,,,,,,,,,,-3,Yes,No,0,Yes,9000,No
154329641,Regular Cutting,,Didi,No,No,0,,,,,,Unbranded,Ear Singeing,65000,,,,,,,,,,,,,0,Yes,No,0,Yes,19500,No
154329642,Regular Cutting,,Didi,No,No,0,,,,,,Unbranded,Ear Wax,60000,,,,,,,,,,,,,0,Yes,No,0,Yes,18000,No
154329643,Regular Cutting,,Didi,No,No,0,,,,,,Unbranded,Nose Wax,60000,,,,,,,,,,,,,0,Yes,No,0,Yes,18000,No
154329644,Regular Cutting,,Didi,No,No,0,,,,,,Unbranded,Charcoal Deep Cleansing,95000,,,,,,,,,,,,,0,Yes,No,0,Yes,28500,No
154329645,Regular Cutting,,Didi,No,No,0,,,,,,Unbranded,Charcoal Nose Cleansing Strip,55000,,,,,,,,,,,,,0,Yes,No,0,Yes,16500,No
154329646,Regular Cutting,,Didi,No,No,0,,,,,,Unbranded,Hair Tattoo,25000,,,,,,,,,,,,,0,Yes,No,0,Yes,7500,No
154329647,Regular Cutting,,Didi,No,No,0,,,,,,Unbranded,Hair Tattoo Single,35000,,,,,,,,,,,,,-1,Yes,No,0,Yes,10500,No
154329648,Regular Cutting,,Didi,No,No,0,,,,,,Unbranded,Hair Tattoo Double Side,65000,,,,,,,,,,,,,0,Yes,No,0,Yes,19500,No
154329649,Regular Cutting,,Didi,No,No,0,,,,,,Unbranded,Prewedding HD,60000,,,,,,,,,,,,,0,Yes,No,0,Yes,16500,No
154949614,Regular Cutting,,Didi,No,No,0,,,,,,Unbranded,Redbox Earl Grooming,185000,,,,,,,,,,,,,-6,Yes,No,0,Yes,52500,No
195604708,Regular Cutting,,Didi,No,No,0,,,,,,Unbranded,Hair Care Keratin,400000,,,,,,,,,,,,,0,Yes,No,0,Yes,120000,No
85890553,Regular Cutting,,Aziz,No,No,0,,,,,,Unbranded,Hair Cut,75000,,,,,,,,,,,,,-3644,Yes,No,0,Yes,21000,No
85890554,Regular Cutting,,Aziz,No,No,0,,,,,,Unbranded,Hair Cut Long Trim,85000,,,,,,,,,,,,,-673,Yes,No,0,Yes,24000,No
85890555,Regular Cutting,,Aziz,No,No,0,,,,,,Unbranded,Hair Cut with Fade,85000,,,,,,,,,,,,,-317,Yes,No,0,Yes,24000,No
85890557,Regular Cutting,,Aziz,No,No,0,,,,,,Unbranded,Redbox Fade Cut Grooming,110000,,,,,,,,,,,,,-403,Yes,No,0,Yes,31500,No
85890559,Regular Cutting,,Aziz,No,No,0,,,,,,Unbranded,Redbox Gentleman Grooming,95000,,,,,,,,,,,,,-62,Yes,No,0,Yes,27000,No
85911496,Regular Cutting,,Aziz,No,No,0,,,,,,Unbranded,Redbox Noble Grooming,140000,,,,,,,,,,,,,-99,Yes,No,0,Yes,39000,No
89543266,Regular Cutting,,Aziz,No,No,0,,,,,,Unbranded,Redbox Baron Grooming,150000,,,,,,,,,,,,,-92,Yes,No,0,Yes,42000,No
129842815,Regular Cutting,,Aziz,No,No,0,,,,,,Unbranded,Redbox Royal Grooming,305000,,,,,,,,,,,,,-421,Yes,No,0,Yes,88500,No
129842816,Regular Cutting,,Aziz,No,No,0,,,,,,Unbranded,Redbox Duke Grooming,250000,,,,,,,,,,,,,-83,Yes,No,0,Yes,72000,No
154636644,Regular Cutting,,Aziz,No,No,0,,,,,,Unbranded,Redbox Royal Shaving,120000,,,,,,,,,,,,,0,Yes,No,0,Yes,34500,No
154636645,Regular Cutting,,Aziz,No,No,0,,,,,,Unbranded,Head Shave,120000,,,,,,,,,,,,,0,Yes,No,0,Yes,34500,No
154636646,Regular Cutting,,Aziz,No,No,0,,,,,,Unbranded,Beard & Mustache,15000,,,,,,,,,,,,,-30,Yes,No,0,Yes,4500,No
154636647,Regular Cutting,,Aziz,No,No,0,,,,,,Unbranded,Shave,30000,,,,,,,,,,,,,0,Yes,No,0,Yes,9000,No
154636648,Regular Cutting,,Aziz,No,No,0,,,,,,Unbranded,Traditional Shaving,60000,,,,,,,,,,,,,0,Yes,No,0,Yes,18000,No
154636649,Regular Cutting,,Aziz,No,No,0,,,,,,Unbranded,Hair Wash & Styling,20000,,,,,,,,,,,,,0,Yes,No,0,Yes,6000,No
154636650,Regular Cutting,,Aziz,No,No,0,,,,,,Unbranded,Fee Colouring,60000,,,,,,,,,,,,,0,Yes,No,0,Yes,18000,No
154636651,Regular Cutting,,Aziz,No,No,0,,,,,,Unbranded,Hair Colouring,150000,,,,,,,,,,,,,-8,Yes,No,0,Yes,45000,No
154636652,Regular Cutting,,Aziz,No,No,0,,,,,,Unbranded,Hair Bleaching,350000,,,,,,,,,,,,,0,Yes,No,0,Yes,105000,No
154636653,Regular Cutting,,Aziz,No,No,0,,,,,,Unbranded,Hair Highlighting,300000,,,,,,,,,,,,,0,Yes,No,0,Yes,90000,No
154636654,Regular Cutting,,Aziz,No,No,0,,,,,,Unbranded,Hair Curly,300000,,,,,,,,,,,,,-1,Yes,No,0,Yes,90000,No
154636655,Regular Cutting,,Aziz,No,No,0,,,,,,Unbranded,Smooth and Shape,450000,,,,,,,,,,,,,0,Yes,No,0,Yes,135000,No
154636656,Regular Cutting,,Aziz,No,No,0,,,,,,Unbranded,Hair Spa,100000,,,,,,,,,,,,,0,Yes,No,0,Yes,30000,No
154636657,Regular Cutting,,Aziz,No,No,0,,,,,,Unbranded,Creambath,70000,,,,,,,,,,,,,0,Yes,No,0,Yes,21000,No
154636658,Regular Cutting,,Aziz,No,No,0,,,,,,Unbranded,Tera Blue Spa,150000,,,,,,,,,,,,,0,Yes,No,0,Yes,45000,No
154636659,Regular Cutting,,Aziz,No,No,0,,,,,,Unbranded,Home Service Family,150000,,,,,,,,,,,,,0,Yes,No,0,Yes,45000,No
154636660,Regular Cutting,,Aziz,No,No,0,,,,,,Unbranded,Home Service Single,200000,,,,,,,,,,,,,0,Yes,No,0,Yes,60000,No
154636661,Regular Cutting,,Aziz,No,No,0,,,,,,Unbranded,Down Perm ,165000,,,,,,,,,,,,,0,Yes,No,0,Yes,49500,No
154636677,Regular Cutting,,Aziz,No,No,0,,,,,,Unbranded,Root Lift,165000,,,,,,,,,,,,,-1,Yes,No,0,Yes,49500,No
154636678,Regular Cutting,,Aziz,No,No,0,,,,,,Unbranded,Wedding Gentleman Grooming,350000,,,,,,,,,,,,,0,Yes,No,0,Yes,105000,No
154636679,Regular Cutting,,Aziz,No,No,0,,,,,,Unbranded,Wedding Royal Grooming Silver,500000,,,,,,,,,,,,,0,Yes,No,0,Yes,150000,No
154636680,Regular Cutting,,Aziz,No,No,0,,,,,,Unbranded,Wedding Royal Grooming Gold,750000,,,,,,,,,,,,,0,Yes,No,0,Yes,225000,No
154636681,Regular Cutting,,Aziz,No,No,0,,,,,,Unbranded,Wedding Royal Grooming Platinum,1000000,,,,,,,,,,,,,0,Yes,No,0,Yes,300000,No
154636682,Regular Cutting,,Aziz,No,No,0,,,,,,Unbranded,Men Massage Service,135000,,,,,,,,,,,,,0,Yes,No,0,Yes,40500,No
154636683,Regular Cutting,,Aziz,No,No,0,,,,,,Unbranded,Ear Candle,30000,,,,,,,,,,,,,0,Yes,No,0,Yes,9000,No
154636684,Regular Cutting,,Aziz,No,No,0,,,,,,Unbranded,Ear Singeing,65000,,,,,,,,,,,,,0,Yes,No,0,Yes,19500,No
154636685,Regular Cutting,,Aziz,No,No,0,,,,,,Unbranded,Ear Wax,60000,,,,,,,,,,,,,0,Yes,No,0,Yes,18000,No
154636686,Regular Cutting,,Aziz,No,No,0,,,,,,Unbranded,Nose Wax,60000,,,,,,,,,,,,,0,Yes,No,0,Yes,18000,No
154636687,Regular Cutting,,Aziz,No,No,0,,,,,,Unbranded,Charcoal Deep Cleansing,95000,,,,,,,,,,,,,-1,Yes,No,0,Yes,28500,No
154636688,Regular Cutting,,Aziz,No,No,0,,,,,,Unbranded,Charcoal Nose Cleansing Strip,55000,,,,,,,,,,,,,0,Yes,No,0,Yes,16500,No
154636689,Regular Cutting,,Aziz,No,No,0,,,,,,Unbranded,Hair Tattoo,25000,,,,,,,,,,,,,0,Yes,No,0,Yes,7500,No
154636690,Regular Cutting,,Aziz,No,No,0,,,,,,Unbranded,Hair Tattoo Single,35000,,,,,,,,,,,,,0,Yes,No,0,Yes,10500,No
154636691,Regular Cutting,,Aziz,No,No,0,,,,,,Unbranded,Hair Tattoo Double Side,65000,,,,,,,,,,,,,0,Yes,No,0,Yes,19500,No
154636692,Regular Cutting,,Aziz,No,No,0,,,,,,Unbranded,Prewedding HD,60000,,,,,,,,,,,,,0,Yes,No,0,Yes,16500,No
193655421,Regular Cutting,,Aziz,No,No,0,,,,,,Unbranded,Redbox Earl Grooming,185000,,,,,,,,,,,,,0,Yes,No,0,Yes,52500,No
195604691,Regular Cutting,,Aziz,No,No,0,,,,,,Unbranded,Hair Care Keratin,400000,,,,,,,,,,,,,0,Yes,No,0,Yes,120000,No
93491451,Merchandise,,Tumbler Redbox,No,No,0,,,,,,Unbranded,,100000,,,,,,,,,,,,,0,Yes,No,0,Yes,5000,No
102574786,Hair Product,,Barbara Mousse,No,No,0,,,,,,Unbranded,,50000,,,,,,,,,,,,,1,Yes,Yes,0,Yes,29832,Yes
105185566,Merchandise,,Mug Redbox,No,No,0,,,,,,Unbranded,,30000,,,,,,,,,,,,,0,Yes,Yes,0,Yes,15000,Yes
113810899,Pomade,,Tezzen,No,No,0,,,,,,Unbranded,Tezzen Geryon ,135000,,,,,,,,,,,,,4,Yes,Yes,0,Yes,54783,Yes
115792723,Pomade,,Tezzen,No,No,0,,,,,,Unbranded,Tezzen Hercules,135000,,,,,,,,,,,,,6,Yes,Yes,0,Yes,105000,Yes
144435145,Pomade,,Tezzen,No,No,0,,,,,,Unbranded,Tezzen Zorro,160000,,,,,,,,,,,,,0,Yes,Yes,0,Yes,110000,Yes
114347046,Pomade,,Smith,No,No,0,,,,,,Unbranded,Smith Clayton,185000,,,,,,,,,,,,,0,Yes,Yes,0,Yes,144500,Yes
114347047,Pomade,,Smith,No,No,0,,,,,,Unbranded,Smith Ocean Dust,100000,,,,,,,,,,,,,0,Yes,Yes,0,Yes,75208,Yes
114347048,Pomade,,Smith,No,No,0,,,,,,Unbranded,Smith Dapper Spatter,130000,,,,,,,,,,,,,0,Yes,Yes,0,Yes,0,Yes
123249396,Pomade,,Smith,No,No,0,,,,,,Unbranded,Smith Dashing Slick,135000,,,,,,,,,,,,,0,Yes,Yes,0,Yes,0,Yes
133902161,Pomade,,Smith,No,No,0,,,,,,Unbranded,Smith Moon Dust,110000,,,,,,,,,,,,,0,Yes,Yes,0,Yes,83789,Yes
142982117,Pomade,,Smith,No,No,0,,,,,,Unbranded,Smith Black Jack,110000,,,,,,,,,,,,,0,Yes,Yes,0,Yes,0,Yes
120001648,Parfum,,Eau De Parfum,No,No,0,,,,,,Unbranded,Mild Temptation,100000,,,,,,,,,,,,,0,Yes,Yes,0,Yes,39000,Yes
120001649,Parfum,,Eau De Parfum,No,No,0,,,,,,Unbranded,Sugar Baby,100000,,,,,,,,,,,,,0,Yes,Yes,0,Yes,37991,Yes
120001650,Parfum,,Eau De Parfum,No,No,0,,,,,,Unbranded,Baccarat,100000,,,,,,,,,,,,,0,Yes,Yes,0,Yes,38304,Yes
123892395,Parfum,,Eau De Parfum,No,No,0,,,,,,Unbranded,Wild Breeze,100000,,,,,,,,,,,,,0,Yes,Yes,0,Yes,38769,Yes
123892396,Parfum,,Eau De Parfum,No,No,0,,,,,,Unbranded,Dark Brew,120000,,,,,,,,,,,,,0,Yes,Yes,0,Yes,53000,Yes
132356413,Parfum,,Eau De Parfum,No,No,0,,,,,,Unbranded,Oum,120000,,,,,,,,,,,,,0,Yes,Yes,0,Yes,53000,Yes
147068233,Parfum,,Eau De Parfum,No,No,0,,,,,,Unbranded,Botuna,120000,,,,,,,,,,,,,0,Yes,Yes,0,Yes,53000,Yes
125185507,Treathment,,Escalade,No,No,0,,,,,,Unbranded,Loss Less Hair Thickening Serum 30ml,150000,,,,,,,,,,,,,2,Yes,Yes,0,Yes,0,Yes
125185508,Treathment,,Escalade,No,No,0,,,,,,Unbranded,Loss Less Hair Shampoo + Conditioner 250ml,100000,,,,,,,,,,,,,4,Yes,Yes,0,Yes,80000,Yes
125185509,Treathment,,Escalade,No,No,0,,,,,,Unbranded,Danddruff Shampoo 250ml,110000,,,,,,,,,,,,,2,Yes,Yes,0,Yes,40109,Yes
125185510,Treathment,,Escalade,No,No,0,,,,,,Unbranded,Danddruff Serum 30ml,150000,,,,,,,,,,,,,3,Yes,Yes,0,Yes,120000,Yes
146495499,Treathment,,Escalade,No,No,0,,,,,,Unbranded,Hair Repair Tonic 100ml,135000,,,,,,,,,,,,,3,Yes,Yes,0,Yes,32000,Yes
130751688,Pomade,,MANTOLOGY,No,No,0,,,,,,Unbranded,Arnhemia Hair Styling Powder-Pump ,135000,,,,,,,,,,,,,0,Yes,No,0,Yes,85000,Yes
130751690,Pomade,,MANTOLOGY,No,No,0,,,,,,Unbranded,Cheribon Hair Cream ,150000,,,,,,,,,,,,,0,Yes,No,0,Yes,90000,Yes
142981845,Pomade,,MANTOLOGY,No,No,0,,,,,,Unbranded,Quantum Sculpting Paste,150000,,,,,,,,,,,,,0,Yes,No,0,Yes,95000,Yes
161082174,Parfum,,De Parfume,No,No,0,,,,,,Unbranded,Eleftthree Extrait De Parfume,120000,,,,,,,,,,,,,2,Yes,Yes,0,Yes,60000,Yes
161082175,Parfum,,De Parfume,No,No,0,,,,,,Unbranded,Psyhi Extrait De Parfume,120000,,,,,,,,,,,,,8,Yes,Yes,0,Yes,60000,Yes
165062361,Drink,,Nestle Pure Life Air Mineral,No,No,0,,,,,,Unbranded,,5000,,,,,,,,,,,,,86,Yes,Yes,0,Yes,2000,No
165062678,Drink,,Teh Botol / Fruit Tea / Tebs,No,No,0,,,,,,Unbranded,,5000,,,,,,,,,,,,,49,Yes,Yes,0,Yes,1055,No
170414055,Hair System,,Hair System for Men,No,No,0,,,,,,Unbranded,Hair System for Men (P),2800000,,,,,,,,,,,,,0,Yes,Yes,0,Yes,840000,No
170414056,Hair System,,Hair System for Men,No,No,0,,,,,,Unbranded,Hair System for Men Full (P),5000000,,,,,,,,,,,,,0,Yes,Yes,0,Yes,1500000,No
170414057,Hair System,,Hair System for Men,No,No,0,,,,,,Unbranded,Hair System for Men,2500000,,,,,,,,,,,,,0,Yes,Yes,0,Yes,750000,No
170414058,Hair System,,Hair System for Men,No,No,0,,,,,,Unbranded,Hair System for Men Full,4500000,,,,,,,,,,,,,0,Yes,Yes,0,Yes,1350000,No
184185898,Dessert,,Ice Cream Kaluli,No,No,0,,,,,,Unbranded,Kaluli Arabikapro,20000,,,,,,,,,,,,,4,Yes,No,0,Yes,0,No
184185899,Dessert,,Ice Cream Kaluli,No,No,0,,,,,,Unbranded,Kaluli Cheerscheese,20000,,,,,,,,,,,,,0,Yes,No,0,Yes,0,No
184185900,Dessert,,Ice Cream Kaluli,No,No,0,,,,,,Unbranded,Kaluli Chocomaster,15000,,,,,,,,,,,,,34,Yes,No,0,Yes,8781,No
184185901,Dessert,,Ice Cream Kaluli,No,No,0,,,,,,Unbranded,Kaluli Light Yummy Yoghurt,25000,,,,,,,,,,,,,0,Yes,No,0,Yes,0,No
184185902,Dessert,,Ice Cream Kaluli,No,No,0,,,,,,Unbranded,Kaluli Nutalk Pecan,15000,,,,,,,,,,,,,22,Yes,No,0,Yes,39,No
188739025,Regular Cutting,,Bayu,No,No,0,,,,,,Unbranded,Hair Cut,75000,,,,,,,,,,,,,-102,Yes,No,0,Yes,21000,No
188739026,Regular Cutting,,Bayu,No,No,0,,,,,,Unbranded,Hair Cut Long Trim,85000,,,,,,,,,,,,,-11,Yes,No,0,Yes,24000,No
188739027,Regular Cutting,,Bayu,No,No,0,,,,,,Unbranded,Hair Cut with Fade,85000,,,,,,,,,,,,,-97,Yes,No,0,Yes,24000,No
188739028,Regular Cutting,,Bayu,No,No,0,,,,,,Unbranded,Redbox Fade Cut Grooming,110000,,,,,,,,,,,,,0,Yes,No,0,Yes,31500,No
188739029,Regular Cutting,,Bayu,No,No,0,,,,,,Unbranded,Redbox Gentleman Grooming,95000,,,,,,,,,,,,,-6,Yes,No,0,Yes,27000,No
188739030,Regular Cutting,,Bayu,No,No,0,,,,,,Unbranded,Redbox Noble Grooming,140000,,,,,,,,,,,,,-6,Yes,No,0,Yes,39000,No
188739031,Regular Cutting,,Bayu,No,No,0,,,,,,Unbranded,Redbox Baron Grooming,150000,,,,,,,,,,,,,-19,Yes,No,0,Yes,42000,No
188744453,Regular Cutting,,Bayu,No,No,0,,,,,,Unbranded,Redbox Royal Grooming,305000,,,,,,,,,,,,,0,Yes,No,0,Yes,88500,No
188744454,Regular Cutting,,Bayu,No,No,0,,,,,,Unbranded,Redbox Duke Grooming,250000,,,,,,,,,,,,,-1,Yes,No,0,Yes,72000,No
188744455,Regular Cutting,,Bayu,No,No,0,,,,,,Unbranded,Redbox Royal Shaving,120000,,,,,,,,,,,,,0,Yes,No,0,Yes,34500,No
188744456,Regular Cutting,,Bayu,No,No,0,,,,,,Unbranded,Head Shave,120000,,,,,,,,,,,,,0,Yes,No,0,Yes,34500,No
188744457,Regular Cutting,,Bayu,No,No,0,,,,,,Unbranded,Beard & Mustache,15000,,,,,,,,,,,,,-5,Yes,No,0,Yes,4500,No
188744458,Regular Cutting,,Bayu,No,No,0,,,,,,Unbranded,Shave,30000,,,,,,,,,,,,,0,Yes,No,0,Yes,9000,No
188744459,Regular Cutting,,Bayu,No,No,0,,,,,,Unbranded,Traditional Shaving,60000,,,,,,,,,,,,,0,Yes,No,0,Yes,18000,No
188744460,Regular Cutting,,Bayu,No,No,0,,,,,,Unbranded,Hair Wash & Styling,20000,,,,,,,,,,,,,0,Yes,No,0,Yes,6000,No
188751929,Regular Cutting,,Bayu,No,No,0,,,,,,Unbranded,Fee Colouring,60000,,,,,,,,,,,,,0,Yes,No,0,Yes,18000,No
188751930,Regular Cutting,,Bayu,No,No,0,,,,,,Unbranded,Hair Colouring,150000,,,,,,,,,,,,,-2,Yes,No,0,Yes,45000,No
188751931,Regular Cutting,,Bayu,No,No,0,,,,,,Unbranded,Hair Bleaching,350000,,,,,,,,,,,,,0,Yes,No,0,Yes,105000,No
188751932,Regular Cutting,,Bayu,No,No,0,,,,,,Unbranded,Hair Highlighting,300000,,,,,,,,,,,,,-1,Yes,No,0,Yes,90000,No
188751933,Regular Cutting,,Bayu,No,No,0,,,,,,Unbranded,Hair Curly,300000,,,,,,,,,,,,,0,Yes,No,0,Yes,90000,No
188751934,Regular Cutting,,Bayu,No,No,0,,,,,,Unbranded,Smooth and Shape,450000,,,,,,,,,,,,,0,Yes,No,0,Yes,135000,No
188751935,Regular Cutting,,Bayu,No,No,0,,,,,,Unbranded,Hair Spa,100000,,,,,,,,,,,,,0,Yes,No,0,Yes,30000,No
188751936,Regular Cutting,,Bayu,No,No,0,,,,,,Unbranded,Creambath,70000,,,,,,,,,,,,,0,Yes,No,0,Yes,21000,No
188751937,Regular Cutting,,Bayu,No,No,0,,,,,,Unbranded,Home Service Family,150000,,,,,,,,,,,,,0,Yes,No,0,Yes,45000,No
188751938,Regular Cutting,,Bayu,No,No,0,,,,,,Unbranded,Home Service Single,200000,,,,,,,,,,,,,0,Yes,No,0,Yes,60000,No
188751939,Regular Cutting,,Bayu,No,No,0,,,,,,Unbranded,Down Perm ,165000,,,,,,,,,,,,,0,Yes,No,0,Yes,49500,No
188751940,Regular Cutting,,Bayu,No,No,0,,,,,,Unbranded,Root Lift,165000,,,,,,,,,,,,,0,Yes,No,0,Yes,49500,No
188751941,Regular Cutting,,Bayu,No,No,0,,,,,,Unbranded,Men Massage Service,135000,,,,,,,,,,,,,0,Yes,No,0,Yes,40500,No
188751942,Regular Cutting,,Bayu,No,No,0,,,,,,Unbranded,Ear Candle,30000,,,,,,,,,,,,,0,Yes,No,0,Yes,9000,No
188757155,Regular Cutting,,Bayu,No,No,0,,,,,,Unbranded,Ear Singeing,65000,,,,,,,,,,,,,0,Yes,No,0,Yes,19500,No
188757156,Regular Cutting,,Bayu,No,No,0,,,,,,Unbranded,Ear Wax,60000,,,,,,,,,,,,,0,Yes,No,0,Yes,18000,No
188757157,Regular Cutting,,Bayu,No,No,0,,,,,,Unbranded,Nose Wax,60000,,,,,,,,,,,,,0,Yes,No,0,Yes,18000,No
188757158,Regular Cutting,,Bayu,No,No,0,,,,,,Unbranded,Charcoal Deep Cleansing,95000,,,,,,,,,,,,,0,Yes,No,0,Yes,28500,No
188757159,Regular Cutting,,Bayu,No,No,0,,,,,,Unbranded,Redbox Earl Grooming,185000,,,,,,,,,,,,,0,Yes,No,0,Yes,52500,No
188757160,Regular Cutting,,Bayu,No,No,0,,,,,,Unbranded,Hair Care Keratin,400000,,,,,,,,,,,,,-1,Yes,No,0,Yes,120000,No
188757161,Regular Cutting,,Bayu,No,No,0,,,,,,Unbranded,Hair Tattoo Single,35000,,,,,,,,,,,,,0,Yes,No,0,Yes,10500,No
203227873,Uncategorized,,Biaya Reservasi,No,No,0,,,,,,Unbranded,,10000,,,,,,,,,,,,,0,No,No,0,No,,Yes
204008272,Uncategorized,,Kacang Goreng,No,No,0,,,,,,Unbranded,,25000,,,,,,,,,,,,,4,Yes,Yes,0,Yes,0,No