Internal ID Variant (Do Not Edit),Category,SKU,Items Name (Do Not Edit),ecommerce item? (Yes/No),Pre-order ? (Yes/No),Processing days,Weight (gm),Length (cm),Width (cm),Height (cm),Condition,Brand Name,Variant name,Basic - Price,Image 1 (for Online Store),Image 2 (for Online Store),Image 3 (for Online Store),Image 4 (for Online Store),Image 5 (for Online Store),Image 6 (for Online Store),Image 7 (for Online Store),Image 8 (for Online Store),Image 9 (for Online Store),Image 10 (for Online Store),Image 11 (for Online Store),Image 12 (for Online Store),In Stock,Track Stock,Track Alert,Stock Alert,Track Cost,Cost Amount,Modifier Set - Cashier - 384175
23002248,Treathment,,Hair Treathment,No,No,0,,,,,,Unbranded,Hair Bleaching,200000,,,,,,,,,,,,,0,Yes,Yes,0,Yes,160000,No
23002249,Treathment,,Hair Treathment,No,No,0,,,,,,Unbranded,Highlight + Colour,250000,,,,,,,,,,,,,0,Yes,Yes,0,Yes,210000,No
23002250,Treathment,,Hair Treathment,No,No,0,,,,,,Unbranded,Highlight,200000,,,,,,,,,,,,,0,Yes,Yes,0,Yes,160000,No
23002251,Treathment,,Hair Treathment,No,No,0,,,,,,Unbranded,Creambath,40000,,,,,,,,,,,,,0,Yes,Yes,0,Yes,28000,No
23002252,Treathment,,Hair Treathment,No,No,0,,,,,,Unbranded,Hair Wash & Styling,20000,,,,,,,,,,,,,0,Yes,Yes,0,Yes,14000,No
23002253,Treathment,,Hair Treathment,No,No,0,,,,,,Unbranded,Terra Blue Spa,150000,,,,,,,,,,,,,0,Yes,Yes,0,Yes,127500,No
23002245,Treathment,,Hair Treathment,No,No,0,,,,,,Unbranded,Hair Colouring,100000,,,,,,,,,,,,,0,Yes,Yes,0,Yes,70000,No
23002246,Treathment,,Hair Treathment,No,No,0,,,,,,Unbranded,Hair Spa,50000,,,,,,,,,,,,,0,Yes,Yes,0,Yes,35000,No
23002247,Treathment,,Hair Treathment,No,No,0,,,,,,Unbranded,Hair tatto,25000,,,,,,,,,,,,,0,Yes,Yes,0,Yes,17500,No
23002261,Treathment,,Hair Product,No,No,0,,,,,,Unbranded,Gentle Fever,250000,,,,,,,,,,,,,0,Yes,Yes,5,No,,Yes
23002260,Treathment,,Hair Product,No,No,0,,,,,,Unbranded,Hair Food,35000,,,,,,,,,,,,,5,Yes,Yes,5,No,,Yes
23002259,Treathment,,Hair Product,No,No,0,,,,,,Unbranded,Hair Tonic,35000,,,,,,,,,,,,,0,Yes,Yes,5,Yes,22,Yes
23002258,Treathment,,Hair Product,No,No,0,,,,,,Unbranded,Shampoo True Blonde,60000,,,,,,,,,,,,,5,Yes,Yes,5,No,,Yes
23002257,Treathment,,Hair Product,No,No,0,,,,,,Unbranded,Serum Blue,35000,,,,,,,,,,,,,5,Yes,Yes,5,No,,Yes
23002256,Treathment,,Hair Product,No,No,0,,,,,,Unbranded,Serum Almond,35000,,,,,,,,,,,,,3,Yes,Yes,5,No,,Yes
23002291,Hair Product,,Sisir Rambut,No,No,0,,,,,,Unbranded,Sisir Benchmade,150000,,,,,,,,,,,,,1,Yes,Yes,5,Yes,11429,Yes
23002300,Hair Product,,Sisir Rambut,No,No,0,,,,,,Unbranded,Sisir Panjang,20000,,,,,,,,,,,,,1,Yes,Yes,5,Yes,2000,Yes
23002299,Hair Product,,Sisir Rambut,No,No,0,,,,,,Unbranded,Sisir Switch Blade,70000,,,,,,,,,,,,,1,Yes,Yes,5,Yes,2000,Yes
23002298,Hair Product,,Sisir Rambut,No,No,0,,,,,,Unbranded,Sisir Lipat Plastik,20000,,,,,,,,,,,,,0,Yes,Yes,5,Yes,2000,Yes
23002297,Hair Product,,Sisir Rambut,No,No,0,,,,,,Unbranded,Sisir Benchmade Plastik,50000,,,,,,,,,,,,,0,Yes,Yes,5,Yes,4400,Yes
23002296,Hair Product,,Sisir Rambut,No,No,0,,,,,,Unbranded,Sisir Kayu Lipat,100000,,,,,,,,,,,,,0,Yes,Yes,5,Yes,2000,Yes
23002295,Hair Product,,Sisir Rambut,No,No,0,,,,,,Unbranded,Sisir Kayu,50000,,,,,,,,,,,,,0,Yes,Yes,5,Yes,2000,Yes
23002294,Hair Product,,Sisir Rambut,No,No,0,,,,,,Unbranded,Sisir Jambang,60000,,,,,,,,,,,,,0,Yes,Yes,5,Yes,2000,Yes
23002293,Hair Product,,Sisir Rambut,No,No,0,,,,,,Unbranded,Sisir Bulat,20000,,,,,,,,,,,,,0,Yes,Yes,5,Yes,2501,Yes
23002292,Hair Product,,Sisir Rambut,No,No,0,,,,,,Unbranded,Sisir Mini,10000,,,,,,,,,,,,,0,Yes,Yes,5,Yes,2000,Yes
62273735,Hair Product,,Sisir Rambut,No,No,0,,,,,,Unbranded,Sisir Blow,30000,,,,,,,,,,,,,0,Yes,Yes,0,Yes,4889,Yes
23002317,Member Card,,Member Card,No,No,0,,,,,,Unbranded,,25000,,,,,,,,,,,,,-1003,Yes,No,0,Yes,5000,Yes
23002318,Drink,,Nestle Pure Life Air Mineral,No,No,0,,,,,,Unbranded,,5000,,,,,,,,,,,,,44,Yes,Yes,10,Yes,2000,No
23002321,Drink,,Teh Botol / Fruit Tea / Tebs,No,No,0,,,,,,Unbranded,,5000,,,,,,,,,,,,,46,Yes,Yes,10,Yes,1969,No
23004268,Regular Cutting,,Hamami,No,No,0,,,,,,Unbranded,Hair Cut ,85000,,,,,,,,,,,,,-3830,Yes,No,0,Yes,24000,No
23004270,Regular Cutting,,Hamami,No,No,0,,,,,,Unbranded,Hair Cut Long Trim,85000,,,,,,,,,,,,,-727,Yes,No,0,Yes,24000,No
23004271,Regular Cutting,,Hamami,No,No,0,,,,,,Unbranded,Redbox Fade Cut Grooming,110000,,,,,,,,,,,,,-555,Yes,No,0,Yes,31500,No
23004273,Regular Cutting,,Hamami,No,No,0,,,,,,Unbranded,Redbox Gentleman Grooming,95000,,,,,,,,,,,,,-494,Yes,No,0,Yes,27000,No
23004274,Regular Cutting,,Hamami,No,No,0,,,,,,Unbranded,Redbox Noble Grooming,140000,,,,,,,,,,,,,-300,Yes,No,0,Yes,39000,No
23004280,Regular Cutting,,Hamami,No,No,0,,,,,,Unbranded,Redbox Baron Grooming,150000,,,,,,,,,,,,,-481,Yes,No,0,Yes,42000,No
50951790,Regular Cutting,,Hamami,No,No,0,,,,,,Unbranded,Redbox Royal Grooming,305000,,,,,,,,,,,,,-136,Yes,No,0,Yes,88500,No
90798016,Regular Cutting,,Hamami,No,No,0,,,,,,Unbranded,Redbox Duke Grooming,250000,,,,,,,,,,,,,-171,Yes,No,0,Yes,72000,No
148990575,Regular Cutting,,Hamami,No,No,0,,,,,,Unbranded,Redbox Royal Shaving,120000,,,,,,,,,,,,,-89,Yes,No,0,Yes,34500,No
154286757,Regular Cutting,,Hamami,No,No,0,,,,,,Unbranded,Head Shave,120000,,,,,,,,,,,,,0,Yes,No,0,Yes,34500,No
154286758,Regular Cutting,,Hamami,No,No,0,,,,,,Unbranded,Beard & Mustache,15000,,,,,,,,,,,,,-101,Yes,No,0,Yes,4500,No
154286759,Regular Cutting,,Hamami,No,No,0,,,,,,Unbranded,Shave,30000,,,,,,,,,,,,,-40,Yes,No,0,Yes,9000,No
154286760,Regular Cutting,,Hamami,No,No,0,,,,,,Unbranded,Traditional Shaving,60000,,,,,,,,,,,,,-16,Yes,No,0,Yes,18000,No
154286761,Regular Cutting,,Hamami,No,No,0,,,,,,Unbranded,Hair Wash & Styling,20000,,,,,,,,,,,,,-1,Yes,No,0,Yes,6000,No
154286762,Regular Cutting,,Hamami,No,No,0,,,,,,Unbranded,Fee Colouring,60000,,,,,,,,,,,,,-9,Yes,No,0,Yes,18000,No
154286763,Regular Cutting,,Hamami,No,No,0,,,,,,Unbranded,Hair Colouring,150000,,,,,,,,,,,,,-67,Yes,No,0,Yes,45000,No
154286764,Regular Cutting,,Hamami,No,No,0,,,,,,Unbranded,Hair Bleaching,350000,,,,,,,,,,,,,0,Yes,No,0,Yes,105000,No
154286765,Regular Cutting,,Hamami,No,No,0,,,,,,Unbranded,Hair Highlighting,300000,,,,,,,,,,,,,-1,Yes,No,0,Yes,90000,No
154286766,Regular Cutting,,Hamami,No,No,0,,,,,,Unbranded,Hair Curly,300000,,,,,,,,,,,,,-12,Yes,No,0,Yes,90000,No
154286767,Regular Cutting,,Hamami,No,No,0,,,,,,Unbranded,Smooth and Shape,450000,,,,,,,,,,,,,-2,Yes,No,0,Yes,135000,No
154286768,Regular Cutting,,Hamami,No,No,0,,,,,,Unbranded,Hair Spa,100000,,,,,,,,,,,,,-5,Yes,No,0,Yes,30000,No
154286769,Regular Cutting,,Hamami,No,No,0,,,,,,Unbranded,Creambath,70000,,,,,,,,,,,,,-1,Yes,No,0,Yes,21000,No
154286770,Regular Cutting,,Hamami,No,No,0,,,,,,Unbranded,Tera Blue Spa,150000,,,,,,,,,,,,,0,Yes,No,0,Yes,45000,No
154286771,Regular Cutting,,Hamami,No,No,0,,,,,,Unbranded,Home Service Family,150000,,,,,,,,,,,,,0,Yes,No,0,Yes,45000,No
154286772,Regular Cutting,,Hamami,No,No,0,,,,,,Unbranded,Home Service Single,200000,,,,,,,,,,,,,0,Yes,No,0,Yes,60000,No
154286773,Regular Cutting,,Hamami,No,No,0,,,,,,Unbranded,Down Perm ,165000,,,,,,,,,,,,,-3,Yes,No,0,Yes,49500,No
154286774,Regular Cutting,,Hamami,No,No,0,,,,,,Unbranded,Root Lift,165000,,,,,,,,,,,,,0,Yes,No,0,Yes,49500,No
154286775,Regular Cutting,,Hamami,No,No,0,,,,,,Unbranded,Wedding Gentleman Grooming,350000,,,,,,,,,,,,,0,Yes,No,0,Yes,105000,No
154286776,Regular Cutting,,Hamami,No,No,0,,,,,,Unbranded,Wedding Royal Grooming Silver,500000,,,,,,,,,,,,,0,Yes,No,0,Yes,150000,No
154286779,Regular Cutting,,Hamami,No,No,0,,,,,,Unbranded,Wedding Royal Grooming Gold,750000,,,,,,,,,,,,,0,Yes,No,0,Yes,225000,No
154286780,Regular Cutting,,Hamami,No,No,0,,,,,,Unbranded,Wedding Royal Grooming Platinum,1000000,,,,,,,,,,,,,0,Yes,No,0,Yes,300000,No
154286781,Regular Cutting,,Hamami,No,No,0,,,,,,Unbranded,Men Massage Service,135000,,,,,,,,,,,,,0,Yes,No,0,Yes,40500,No
154286782,Regular Cutting,,Hamami,No,No,0,,,,,,Unbranded,Ear Candle,30000,,,,,,,,,,,,,0,Yes,No,0,Yes,9000,No
154286783,Regular Cutting,,Hamami,No,No,0,,,,,,Unbranded,Ear Singeing,65000,,,,,,,,,,,,,0,Yes,No,0,Yes,19500,No
154286784,Regular Cutting,,Hamami,No,No,0,,,,,,Unbranded,Ear Wax,60000,,,,,,,,,,,,,0,Yes,No,0,Yes,18000,No
154286785,Regular Cutting,,Hamami,No,No,0,,,,,,Unbranded,Nose Wax,60000,,,,,,,,,,,,,-1,Yes,No,0,Yes,18000,No
154286786,Regular Cutting,,Hamami,No,No,0,,,,,,Unbranded,Charcoal Deep Cleansing,95000,,,,,,,,,,,,,-2,Yes,No,0,Yes,28500,No
154286788,Regular Cutting,,Hamami,No,No,0,,,,,,Unbranded,Charcoal Nose Cleansing Strip,55000,,,,,,,,,,,,,0,Yes,No,0,Yes,16500,No
154286789,Regular Cutting,,Hamami,No,No,0,,,,,,Unbranded,Hair Tattoo,25000,,,,,,,,,,,,,0,Yes,No,0,Yes,7500,No
154286790,Regular Cutting,,Hamami,No,No,0,,,,,,Unbranded,Hair Tattoo Single,35000,,,,,,,,,,,,,0,Yes,No,0,Yes,10500,No
154286791,Regular Cutting,,Hamami,No,No,0,,,,,,Unbranded,Hair Tattoo Double Side,65000,,,,,,,,,,,,,0,Yes,No,0,Yes,19500,No
154286792,Regular Cutting,,Hamami,No,No,0,,,,,,Unbranded,Prewedding HD,60000,,,,,,,,,,,,,0,Yes,No,0,Yes,16500,No
154949538,Regular Cutting,,Hamami,No,No,0,,,,,,Unbranded,Redbox Earl Grooming,185000,,,,,,,,,,,,,-7,Yes,No,0,Yes,52500,No
188578119,Regular Cutting,,Hamami,No,No,0,,,,,,Unbranded,Hair Care Keratin,400000,,,,,,,,,,,,,0,Yes,No,0,Yes,120000,No
23004384,Regular Cutting,,Aden,No,No,0,,,,,,Unbranded,Hair Cut ,85000,,,,,,,,,,,,,-3296,Yes,No,0,Yes,24000,No
23004385,Regular Cutting,,Aden,No,No,0,,,,,,Unbranded,Hair Cut Long Trim,85000,,,,,,,,,,,,,-398,Yes,No,0,Yes,24000,No
154256729,Regular Cutting,,Aden,No,No,0,,,,,,Unbranded,Redbox Fade Cut Grooming,110000,,,,,,,,,,,,,-3,Yes,No,0,Yes,31500,No
154256730,Regular Cutting,,Aden,No,No,0,,,,,,Unbranded,Redbox Gentleman Grooming,95000,,,,,,,,,,,,,-213,Yes,No,0,Yes,27000,No
154256731,Regular Cutting,,Aden,No,No,0,,,,,,Unbranded,Redbox Noble Grooming,140000,,,,,,,,,,,,,-17,Yes,No,0,Yes,39000,No
154256732,Regular Cutting,,Aden,No,No,0,,,,,,Unbranded,Redbox Baron Grooming,150000,,,,,,,,,,,,,-179,Yes,No,0,Yes,42000,No
154256733,Regular Cutting,,Aden,No,No,0,,,,,,Unbranded,Redbox Royal Grooming,305000,,,,,,,,,,,,,0,Yes,No,0,Yes,88500,No
154256734,Regular Cutting,,Aden,No,No,0,,,,,,Unbranded,Redbox Duke Grooming,250000,,,,,,,,,,,,,-2,Yes,No,0,Yes,72000,No
154256735,Regular Cutting,,Aden,No,No,0,,,,,,Unbranded,Redbox Royal Shaving,120000,,,,,,,,,,,,,0,Yes,No,0,Yes,34500,No
154256736,Regular Cutting,,Aden,No,No,0,,,,,,Unbranded,Head Shave,120000,,,,,,,,,,,,,0,Yes,No,0,Yes,34500,No
154256737,Regular Cutting,,Aden,No,No,0,,,,,,Unbranded,Beard & Mustache,15000,,,,,,,,,,,,,-106,Yes,No,0,Yes,4500,No
154256738,Regular Cutting,,Aden,No,No,0,,,,,,Unbranded,Shave,30000,,,,,,,,,,,,,-23,Yes,No,0,Yes,9000,No
154256739,Regular Cutting,,Aden,No,No,0,,,,,,Unbranded,Traditional Shaving,60000,,,,,,,,,,,,,-1,Yes,No,0,Yes,18000,No
154256740,Regular Cutting,,Aden,No,No,0,,,,,,Unbranded,Hair Wash & Styling,20000,,,,,,,,,,,,,-3,Yes,No,0,Yes,6000,No
154256741,Regular Cutting,,Aden,No,No,0,,,,,,Unbranded,Fee Colouring,60000,,,,,,,,,,,,,-4,Yes,No,0,Yes,18000,No
154256792,Regular Cutting,,Aden,No,No,0,,,,,,Unbranded,Hair Colouring,150000,,,,,,,,,,,,,-46,Yes,No,0,Yes,45000,No
154256793,Regular Cutting,,Aden,No,No,0,,,,,,Unbranded,Hair Bleaching,350000,,,,,,,,,,,,,0,Yes,No,0,Yes,105000,No
154256794,Regular Cutting,,Aden,No,No,0,,,,,,Unbranded,Hair Highlighting,300000,,,,,,,,,,,,,-1,Yes,No,0,Yes,90000,No
154256795,Regular Cutting,,Aden,No,No,0,,,,,,Unbranded,Hair Curly,300000,,,,,,,,,,,,,-9,Yes,No,0,Yes,90000,No
154256796,Regular Cutting,,Aden,No,No,0,,,,,,Unbranded,Smooth and Shape,450000,,,,,,,,,,,,,0,Yes,No,0,Yes,135000,No
154256797,Regular Cutting,,Aden,No,No,0,,,,,,Unbranded,Hair Spa,100000,,,,,,,,,,,,,-1,Yes,No,0,Yes,30000,No
154256798,Regular Cutting,,Aden,No,No,0,,,,,,Unbranded,Creambath,70000,,,,,,,,,,,,,0,Yes,No,0,Yes,21000,No
154256799,Regular Cutting,,Aden,No,No,0,,,,,,Unbranded,Tera Blue Spa,150000,,,,,,,,,,,,,0,Yes,No,0,Yes,45000,No
154256800,Regular Cutting,,Aden,No,No,0,,,,,,Unbranded,Home Service Family,150000,,,,,,,,,,,,,0,Yes,No,0,Yes,45000,No
154256801,Regular Cutting,,Aden,No,No,0,,,,,,Unbranded,Home Service Single,200000,,,,,,,,,,,,,0,Yes,No,0,Yes,60000,No
154256802,Regular Cutting,,Aden,No,No,0,,,,,,Unbranded,Down Perm ,165000,,,,,,,,,,,,,0,Yes,No,0,Yes,49500,No
154256803,Regular Cutting,,Aden,No,No,0,,,,,,Unbranded,Root Lift,165000,,,,,,,,,,,,,0,Yes,No,0,Yes,49500,No
154256804,Regular Cutting,,Aden,No,No,0,,,,,,Unbranded,Wedding Gentleman Grooming,350000,,,,,,,,,,,,,0,Yes,No,0,Yes,105000,No
154256805,Regular Cutting,,Aden,No,No,0,,,,,,Unbranded,Wedding Royal Grooming Silver,500000,,,,,,,,,,,,,0,Yes,No,0,Yes,150000,No
154256806,Regular Cutting,,Aden,No,No,0,,,,,,Unbranded,Wedding Royal Grooming Gold,750000,,,,,,,,,,,,,0,Yes,No,0,Yes,225000,No
154256807,Regular Cutting,,Aden,No,No,0,,,,,,Unbranded,Wedding Royal Grooming Platinum,1000000,,,,,,,,,,,,,0,Yes,No,0,Yes,300000,No
154256808,Regular Cutting,,Aden,No,No,0,,,,,,Unbranded,Men Massage Service,135000,,,,,,,,,,,,,0,Yes,No,0,Yes,40500,No
154256809,Regular Cutting,,Aden,No,No,0,,,,,,Unbranded,Ear Candle,30000,,,,,,,,,,,,,0,Yes,No,0,Yes,9000,No
154256810,Regular Cutting,,Aden,No,No,0,,,,,,Unbranded,Ear Singeing,65000,,,,,,,,,,,,,0,Yes,No,0,Yes,19500,No
154256811,Regular Cutting,,Aden,No,No,0,,,,,,Unbranded,Ear Wax,60000,,,,,,,,,,,,,0,Yes,No,0,Yes,18000,No
154256812,Regular Cutting,,Aden,No,No,0,,,,,,Unbranded,Nose Wax,60000,,,,,,,,,,,,,0,Yes,No,0,Yes,18000,No
154256813,Regular Cutting,,Aden,No,No,0,,,,,,Unbranded,Charcoal Deep Cleansing,95000,,,,,,,,,,,,,-2,Yes,No,0,Yes,28500,No
154256814,Regular Cutting,,Aden,No,No,0,,,,,,Unbranded,Charcoal Nose Cleansing Strip,55000,,,,,,,,,,,,,0,Yes,No,0,Yes,16500,No
154256815,Regular Cutting,,Aden,No,No,0,,,,,,Unbranded,Hair Tattoo,25000,,,,,,,,,,,,,0,Yes,No,0,Yes,7500,No
154256816,Regular Cutting,,Aden,No,No,0,,,,,,Unbranded,Hair Tattoo Single,35000,,,,,,,,,,,,,0,Yes,No,0,Yes,10500,No
154256817,Regular Cutting,,Aden,No,No,0,,,,,,Unbranded,Hair Tattoo Double Side,65000,,,,,,,,,,,,,0,Yes,No,0,Yes,19500,No
154256818,Regular Cutting,,Aden,No,No,0,,,,,,Unbranded,Prewedding HD,60000,,,,,,,,,,,,,0,Yes,No,0,Yes,16500,No
154949519,Regular Cutting,,Aden,No,No,0,,,,,,Unbranded,Redbox Earl Grooming,185000,,,,,,,,,,,,,0,Yes,No,0,Yes,52500,No
195605124,Regular Cutting,,Aden,No,No,0,,,,,,Unbranded,Hair Care Keratin,400000,,,,,,,,,,,,,0,Yes,No,0,Yes,120000,No
23004421,Regular Cutting,,Miftah,No,No,0,,,,,,Unbranded,Hair Cut ,85000,,,,,,,,,,,,,-1530,Yes,No,0,Yes,24000,No
23004422,Regular Cutting,,Miftah,No,No,0,,,,,,Unbranded,Hair Cut Long Trim,85000,,,,,,,,,,,,,-156,Yes,No,0,Yes,24000,No
23004424,Regular Cutting,,Miftah,No,No,0,,,,,,Unbranded,Redbox Fade Cut Grooming,110000,,,,,,,,,,,,,-155,Yes,No,0,Yes,31500,No
98316705,Regular Cutting,,Miftah,No,No,0,,,,,,Unbranded,Redbox Gentleman Grooming,95000,,,,,,,,,,,,,-566,Yes,No,0,Yes,27000,No
148790449,Regular Cutting,,Miftah,No,No,0,,,,,,Unbranded,Redbox Noble Grooming,140000,,,,,,,,,,,,,-195,Yes,No,0,Yes,39000,No
154286679,Regular Cutting,,Miftah,No,No,0,,,,,,Unbranded,Redbox Baron Grooming,150000,,,,,,,,,,,,,-303,Yes,No,0,Yes,42000,No
154286680,Regular Cutting,,Miftah,No,No,0,,,,,,Unbranded,Redbox Royal Grooming,305000,,,,,,,,,,,,,-2,Yes,No,0,Yes,88500,No
154286681,Regular Cutting,,Miftah,No,No,0,,,,,,Unbranded,Redbox Duke Grooming,250000,,,,,,,,,,,,,-5,Yes,No,0,Yes,72000,No
154286682,Regular Cutting,,Miftah,No,No,0,,,,,,Unbranded,Redbox Royal Shaving,120000,,,,,,,,,,,,,0,Yes,No,0,Yes,34500,No
154286683,Regular Cutting,,Miftah,No,No,0,,,,,,Unbranded,Head Shave,120000,,,,,,,,,,,,,-4,Yes,No,0,Yes,34500,No
154286684,Regular Cutting,,Miftah,No,No,0,,,,,,Unbranded,Beard & Mustache,15000,,,,,,,,,,,,,-86,Yes,No,0,Yes,4500,No
154286685,Regular Cutting,,Miftah,No,No,0,,,,,,Unbranded,Shave,30000,,,,,,,,,,,,,-11,Yes,No,0,Yes,9000,No
154286686,Regular Cutting,,Miftah,No,No,0,,,,,,Unbranded,Traditional Shaving,60000,,,,,,,,,,,,,-2,Yes,No,0,Yes,18000,No
154286687,Regular Cutting,,Miftah,No,No,0,,,,,,Unbranded,Hair Wash & Styling,20000,,,,,,,,,,,,,-2,Yes,No,0,Yes,6000,No
154286688,Regular Cutting,,Miftah,No,No,0,,,,,,Unbranded,Fee Colouring,60000,,,,,,,,,,,,,-2,Yes,No,0,Yes,18000,No
154286689,Regular Cutting,,Miftah,No,No,0,,,,,,Unbranded,Hair Colouring,150000,,,,,,,,,,,,,-33,Yes,No,0,Yes,45000,No
154286690,Regular Cutting,,Miftah,No,No,0,,,,,,Unbranded,Hair Bleaching,350000,,,,,,,,,,,,,-2,Yes,No,0,Yes,105000,No
154286691,Regular Cutting,,Miftah,No,No,0,,,,,,Unbranded,Hair Highlighting,300000,,,,,,,,,,,,,-2,Yes,No,0,Yes,90000,No
154286692,Regular Cutting,,Miftah,No,No,0,,,,,,Unbranded,Hair Curly,300000,,,,,,,,,,,,,-12,Yes,No,0,Yes,90000,No
154286698,Regular Cutting,,Miftah,No,No,0,,,,,,Unbranded,Smooth and Shape,450000,,,,,,,,,,,,,-3,Yes,No,0,Yes,135000,No
154286699,Regular Cutting,,Miftah,No,No,0,,,,,,Unbranded,Hair Spa,100000,,,,,,,,,,,,,-3,Yes,No,0,Yes,30000,No
154286700,Regular Cutting,,Miftah,No,No,0,,,,,,Unbranded,Creambath,70000,,,,,,,,,,,,,0,Yes,No,0,Yes,21000,No
154286701,Regular Cutting,,Miftah,No,No,0,,,,,,Unbranded,Tera Blue Spa,150000,,,,,,,,,,,,,0,Yes,No,0,Yes,45000,No
154286702,Regular Cutting,,Miftah,No,No,0,,,,,,Unbranded,Home Service Family,150000,,,,,,,,,,,,,-2,Yes,No,0,Yes,45000,No
154286703,Regular Cutting,,Miftah,No,No,0,,,,,,Unbranded,Home Service Single,200000,,,,,,,,,,,,,-1,Yes,No,0,Yes,45000,No
154286704,Regular Cutting,,Miftah,No,No,0,,,,,,Unbranded,Down Perm ,165000,,,,,,,,,,,,,-5,Yes,No,0,Yes,49500,No
154286705,Regular Cutting,,Miftah,No,No,0,,,,,,Unbranded,Root Lift,165000,,,,,,,,,,,,,0,Yes,No,0,Yes,49500,No
154286706,Regular Cutting,,Miftah,No,No,0,,,,,,Unbranded,Wedding Gentleman Grooming,350000,,,,,,,,,,,,,0,Yes,No,0,Yes,105000,No
154286707,Regular Cutting,,Miftah,No,No,0,,,,,,Unbranded,Wedding Royal Grooming Silver,500000,,,,,,,,,,,,,0,Yes,No,0,Yes,150000,No
154286708,Regular Cutting,,Miftah,No,No,0,,,,,,Unbranded,Wedding Royal Grooming Gold,750000,,,,,,,,,,,,,0,Yes,No,0,Yes,225000,No
154286709,Regular Cutting,,Miftah,No,No,0,,,,,,Unbranded,Wedding Royal Grooming Platinum,1000000,,,,,,,,,,,,,0,Yes,No,0,Yes,300000,No
154286710,Regular Cutting,,Miftah,No,No,0,,,,,,Unbranded,Men Massage Service,135000,,,,,,,,,,,,,0,Yes,No,0,Yes,40500,No
154286711,Regular Cutting,,Miftah,No,No,0,,,,,,Unbranded,Ear Candle,30000,,,,,,,,,,,,,0,Yes,No,0,Yes,9000,No
154286712,Regular Cutting,,Miftah,No,No,0,,,,,,Unbranded,Ear Singeing,65000,,,,,,,,,,,,,0,Yes,No,0,Yes,19500,No
154286713,Regular Cutting,,Miftah,No,No,0,,,,,,Unbranded,Ear Wax,60000,,,,,,,,,,,,,0,Yes,No,0,Yes,18000,No
154286714,Regular Cutting,,Miftah,No,No,0,,,,,,Unbranded,Nose Wax,60000,,,,,,,,,,,,,0,Yes,No,0,Yes,18000,No
154286715,Regular Cutting,,Miftah,No,No,0,,,,,,Unbranded,Charcoal Deep Cleansing,95000,,,,,,,,,,,,,-1,Yes,No,0,Yes,28500,No
154286716,Regular Cutting,,Miftah,No,No,0,,,,,,Unbranded,Charcoal Nose Cleansing Strip,55000,,,,,,,,,,,,,0,Yes,No,0,Yes,16500,No
154286717,Regular Cutting,,Miftah,No,No,0,,,,,,Unbranded,Hair Tattoo,25000,,,,,,,,,,,,,0,Yes,No,0,Yes,7500,No
154286718,Regular Cutting,,Miftah,No,No,0,,,,,,Unbranded,Hair Tattoo Single,35000,,,,,,,,,,,,,0,Yes,No,0,Yes,10500,No
154286719,Regular Cutting,,Miftah,No,No,0,,,,,,Unbranded,Hair Tattoo Double Side,65000,,,,,,,,,,,,,0,Yes,No,0,Yes,19500,No
154286720,Regular Cutting,,Miftah,No,No,0,,,,,,Unbranded,Prewedding HD,60000,,,,,,,,,,,,,0,Yes,No,0,Yes,16500,No
154949525,Regular Cutting,,Miftah,No,No,0,,,,,,Unbranded,Redbox Earl Grooming,185000,,,,,,,,,,,,,-1,Yes,No,0,Yes,52500,No
195606976,Regular Cutting,,Miftah,No,No,0,,,,,,Unbranded,Hair Care Keratin,400000,,,,,,,,,,,,,0,Yes,No,0,Yes,120000,No
23004441,Regular Cutting,,Sofyan,No,No,0,,,,,,Unbranded,Hair Cut ,85000,,,,,,,,,,,,,-3292,Yes,No,0,Yes,24000,No
23004443,Regular Cutting,,Sofyan,No,No,0,,,,,,Unbranded,Hair Cut Long Trim,85000,,,,,,,,,,,,,-411,Yes,No,0,Yes,24000,No
23004444,Regular Cutting,,Sofyan,No,No,0,,,,,,Unbranded,Redbox Fade Cut Grooming,110000,,,,,,,,,,,,,-755,Yes,No,0,Yes,31500,No
23004447,Regular Cutting,,Sofyan,No,No,0,,,,,,Unbranded,Redbox Gentleman Grooming,95000,,,,,,,,,,,,,-352,Yes,No,0,Yes,27000,No
50951712,Regular Cutting,,Sofyan,No,No,0,,,,,,Unbranded,Redbox Noble Grooming,140000,,,,,,,,,,,,,-240,Yes,No,0,Yes,39000,No
90797893,Regular Cutting,,Sofyan,No,No,0,,,,,,Unbranded,Redbox Baron Grooming,150000,,,,,,,,,,,,,-362,Yes,No,0,Yes,42000,No
154543662,Regular Cutting,,Sofyan,No,No,0,,,,,,Unbranded,Redbox Royal Grooming,305000,,,,,,,,,,,,,0,Yes,No,0,Yes,88500,No
154543663,Regular Cutting,,Sofyan,No,No,0,,,,,,Unbranded,Redbox Duke Grooming,250000,,,,,,,,,,,,,-6,Yes,No,0,Yes,72000,No
154543664,Regular Cutting,,Sofyan,No,No,0,,,,,,Unbranded,Redbox Royal Shaving,120000,,,,,,,,,,,,,0,Yes,No,0,Yes,34500,No
154543665,Regular Cutting,,Sofyan,No,No,0,,,,,,Unbranded,Head Shave,120000,,,,,,,,,,,,,0,Yes,No,0,Yes,34500,No
154543666,Regular Cutting,,Sofyan,No,No,0,,,,,,Unbranded,Beard & Mustache,15000,,,,,,,,,,,,,-106,Yes,No,0,Yes,4500,No
154543667,Regular Cutting,,Sofyan,No,No,0,,,,,,Unbranded,Shave,30000,,,,,,,,,,,,,-16,Yes,No,0,Yes,9000,No
154543668,Regular Cutting,,Sofyan,No,No,0,,,,,,Unbranded,Traditional Shaving,60000,,,,,,,,,,,,,-1,Yes,No,0,Yes,18000,No
154543670,Regular Cutting,,Sofyan,No,No,0,,,,,,Unbranded,Hair Wash & Styling,20000,,,,,,,,,,,,,0,Yes,No,0,Yes,6000,No
154543672,Regular Cutting,,Sofyan,No,No,0,,,,,,Unbranded,Fee Colouring,60000,,,,,,,,,,,,,-3,Yes,No,0,Yes,18000,No
154543674,Regular Cutting,,Sofyan,No,No,0,,,,,,Unbranded,Hair Colouring,150000,,,,,,,,,,,,,-39,Yes,No,0,Yes,45000,No
154543676,Regular Cutting,,Sofyan,No,No,0,,,,,,Unbranded,Hair Bleaching,350000,,,,,,,,,,,,,-1,Yes,No,0,Yes,105000,No
154543678,Regular Cutting,,Sofyan,No,No,0,,,,,,Unbranded,Hair Highlighting,300000,,,,,,,,,,,,,-1,Yes,No,0,Yes,90000,No
154543680,Regular Cutting,,Sofyan,No,No,0,,,,,,Unbranded,Hair Curly,300000,,,,,,,,,,,,,-4,Yes,No,0,Yes,90000,No
154543681,Regular Cutting,,Sofyan,No,No,0,,,,,,Unbranded,Smooth and Shape,450000,,,,,,,,,,,,,-1,Yes,No,0,Yes,135000,No
154543683,Regular Cutting,,Sofyan,No,No,0,,,,,,Unbranded,Hair Spa,100000,,,,,,,,,,,,,-3,Yes,No,0,Yes,30000,No
154543685,Regular Cutting,,Sofyan,No,No,0,,,,,,Unbranded,Creambath,70000,,,,,,,,,,,,,0,Yes,No,0,Yes,21000,No
154543728,Regular Cutting,,Sofyan,No,No,0,,,,,,Unbranded,Tera Blue Spa,150000,,,,,,,,,,,,,0,Yes,No,0,Yes,45000,No
154543729,Regular Cutting,,Sofyan,No,No,0,,,,,,Unbranded,Home Service Family,150000,,,,,,,,,,,,,0,Yes,No,0,Yes,45000,No
154543730,Regular Cutting,,Sofyan,No,No,0,,,,,,Unbranded,Home Service Single,200000,,,,,,,,,,,,,0,Yes,No,0,Yes,60000,No
154543731,Regular Cutting,,Sofyan,No,No,0,,,,,,Unbranded,Down Perm ,165000,,,,,,,,,,,,,-2,Yes,No,0,Yes,49500,No
154543732,Regular Cutting,,Sofyan,No,No,0,,,,,,Unbranded,Root Lift,165000,,,,,,,,,,,,,0,Yes,No,0,Yes,49500,No
154543733,Regular Cutting,,Sofyan,No,No,0,,,,,,Unbranded,Wedding Gentleman Grooming,350000,,,,,,,,,,,,,0,Yes,No,0,Yes,105000,No
154543734,Regular Cutting,,Sofyan,No,No,0,,,,,,Unbranded,Wedding Royal Grooming Silver,500000,,,,,,,,,,,,,0,Yes,No,0,Yes,150000,No
154543735,Regular Cutting,,Sofyan,No,No,0,,,,,,Unbranded,Wedding Royal Grooming Gold,750000,,,,,,,,,,,,,0,Yes,No,0,Yes,225000,No
154543736,Regular Cutting,,Sofyan,No,No,0,,,,,,Unbranded,Wedding Royal Grooming Platinum,1000000,,,,,,,,,,,,,0,Yes,No,0,Yes,300000,No
154543737,Regular Cutting,,Sofyan,No,No,0,,,,,,Unbranded,Men Massage Service,135000,,,,,,,,,,,,,-1,Yes,No,0,Yes,40500,No
154543738,Regular Cutting,,Sofyan,No,No,0,,,,,,Unbranded,Ear Candle,30000,,,,,,,,,,,,,0,Yes,No,0,Yes,9000,No
154543739,Regular Cutting,,Sofyan,No,No,0,,,,,,Unbranded,Ear Singeing,65000,,,,,,,,,,,,,0,Yes,No,0,Yes,19500,No
154543740,Regular Cutting,,Sofyan,No,No,0,,,,,,Unbranded,Ear Wax,60000,,,,,,,,,,,,,0,Yes,No,0,Yes,18000,No
154543741,Regular Cutting,,Sofyan,No,No,0,,,,,,Unbranded,Nose Wax,60000,,,,,,,,,,,,,0,Yes,No,0,Yes,18000,No
154543742,Regular Cutting,,Sofyan,No,No,0,,,,,,Unbranded,Charcoal Deep Cleansing,95000,,,,,,,,,,,,,0,Yes,No,0,Yes,28500,No
154543767,Regular Cutting,,Sofyan,No,No,0,,,,,,Unbranded,Charcoal Nose Cleansing Strip,55000,,,,,,,,,,,,,0,Yes,No,0,Yes,16500,No
154543768,Regular Cutting,,Sofyan,No,No,0,,,,,,Unbranded,Hair Tattoo,25000,,,,,,,,,,,,,0,Yes,No,0,Yes,7500,No
154543769,Regular Cutting,,Sofyan,No,No,0,,,,,,Unbranded,Hair Tattoo Single,35000,,,,,,,,,,,,,0,Yes,No,0,Yes,10500,No
154543770,Regular Cutting,,Sofyan,No,No,0,,,,,,Unbranded,Hair Tattoo Double Side,65000,,,,,,,,,,,,,0,Yes,No,0,Yes,19500,No
154543771,Regular Cutting,,Sofyan,No,No,0,,,,,,Unbranded,Prewedding HD,60000,,,,,,,,,,,,,0,Yes,No,0,Yes,16500,No
154949557,Regular Cutting,,Sofyan,No,No,0,,,,,,Unbranded,Redbox Earl Grooming,185000,,,,,,,,,,,,,-1,Yes,No,0,Yes,52500,No
195607642,Regular Cutting,,Sofyan,No,No,0,,,,,,Unbranded,Hair Care Keratin,400000,,,,,,,,,,,,,0,Yes,No,0,Yes,120000,No
23004465,Regular Cutting,,Regular Cutting,No,No,0,,,,,,Unbranded,,0,,,,,,,,,,,,,-9,No,No,0,No,,No
23043319,Uncategorized,,TIPS,No,No,0,,,,,,Unbranded,,0,,,,,,,,,,,,,0,No,No,0,No,,No
23123582,Pomade,,Doctor Dapper Pomade,No,No,0,,,,,,Unbranded,Original,205000,,,,,,,,,,,,,0,Yes,Yes,5,Yes,49117,Yes
23123583,Pomade,,Doctor Dapper Pomade,No,No,0,,,,,,Unbranded,Superior,205000,,,,,,,,,,,,,0,Yes,Yes,5,Yes,132468,Yes
23124449,Pomade,,Redbox Pomade,No,No,0,,,,,,Unbranded,Redbox Waterbase 80gr,130000,,,,,,,,,,,,,5,Yes,Yes,2,Yes,38413,Yes
23124450,Pomade,,Redbox Pomade,No,No,0,,,,,,Unbranded,Redbox Waterbase 30gr,70000,,,,,,,,,,,,,7,Yes,Yes,2,Yes,25000,Yes
23124452,Pomade,,Redbox Pomade,No,No,0,,,,,,Unbranded,Redbox Oilbase 80gr,100000,,,,,,,,,,,,,7,Yes,Yes,2,Yes,37000,Yes
23124453,Pomade,,Redbox Pomade,No,No,0,,,,,,Unbranded,Redbox Oilbase 30gr,50000,,,,,,,,,,,,,14,Yes,Yes,5,Yes,23000,Yes
39711374,Pomade,,Redbox Pomade,No,No,0,,,,,,Unbranded,Redbox Clay 80gr,130000,,,,,,,,,,,,,14,Yes,Yes,3,Yes,44446,Yes
161978596,Pomade,,Redbox Pomade,No,No,0,,,,,,Unbranded,Redbox Clay 30gr,70000,,,,,,,,,,,,,11,Yes,Yes,3,Yes,25000,Yes
161978597,Pomade,,Redbox Pomade,No,No,0,,,,,,Unbranded,Redbox Hair Powder 10gr,120000,,,,,,,,,,,,,0,Yes,Yes,3,Yes,1,Yes
24125797,Drink,,TEH / TEBS Kaleng,No,No,0,,,,,,Unbranded,,8000,,,,,,,,,,,,,2,Yes,Yes,6,Yes,4100,No
28327799,Loundry Sepatu,,Regular Clean,No,No,0,,,,,,Unbranded,,60000,,,,,,,,,,,,,0,No,No,0,No,,No
34254028,Food,,Pakkong,No,No,0,,,,,,Unbranded,,27000,,,,,,,,,,,,,0,Yes,Yes,0,Yes,22000,No
39422950,Treathment,,Inaura Hair Nutrient,No,No,0,,,,,,Unbranded,,65000,,,,,,,,,,,,,0,Yes,Yes,3,Yes,11024,Yes
41637084,Regular Cutting,,Opan,No,No,0,,,,,,Unbranded,Hair Cut,85000,,,,,,,,,,,,,-2487,Yes,No,0,Yes,24000,No
41637087,Regular Cutting,,Opan,No,No,0,,,,,,Unbranded,Hair Cut Long Trim,85000,,,,,,,,,,,,,-480,Yes,No,0,Yes,24000,No
41637090,Regular Cutting,,Opan,No,No,0,,,,,,Unbranded,Redbox Fade Cut Grooming,110000,,,,,,,,,,,,,-122,Yes,No,0,Yes,31500,No
71314413,Regular Cutting,,Opan,No,No,0,,,,,,Unbranded,Redbox Gentleman Grooming,95000,,,,,,,,,,,,,-273,Yes,No,0,Yes,27000,No
90797927,Regular Cutting,,Opan,No,No,0,,,,,,Unbranded,Redbox Noble Grooming,140000,,,,,,,,,,,,,-90,Yes,No,0,Yes,39000,No
154329803,Regular Cutting,,Opan,No,No,0,,,,,,Unbranded,Redbox Baron Grooming,150000,,,,,,,,,,,,,-127,Yes,No,0,Yes,42000,No
154329804,Regular Cutting,,Opan,No,No,0,,,,,,Unbranded,Redbox Royal Grooming,305000,,,,,,,,,,,,,0,Yes,No,0,Yes,88500,No
154329805,Regular Cutting,,Opan,No,No,0,,,,,,Unbranded,Redbox Duke Grooming,250000,,,,,,,,,,,,,-6,Yes,No,0,Yes,72000,No
154329806,Regular Cutting,,Opan,No,No,0,,,,,,Unbranded,Redbox Royal Shaving,120000,,,,,,,,,,,,,-1,Yes,No,0,Yes,34500,No
154329807,Regular Cutting,,Opan,No,No,0,,,,,,Unbranded,Head Shave,120000,,,,,,,,,,,,,0,Yes,No,0,Yes,34500,No
154329808,Regular Cutting,,Opan,No,No,0,,,,,,Unbranded,Beard & Mustache,15000,,,,,,,,,,,,,-34,Yes,No,0,Yes,4500,No
154329809,Regular Cutting,,Opan,No,No,0,,,,,,Unbranded,Shave,30000,,,,,,,,,,,,,-10,Yes,No,0,Yes,9000,No
154329810,Regular Cutting,,Opan,No,No,0,,,,,,Unbranded,Traditional Shaving,60000,,,,,,,,,,,,,-5,Yes,No,0,Yes,18000,No
154329811,Regular Cutting,,Opan,No,No,0,,,,,,Unbranded,Hair Wash & Styling,20000,,,,,,,,,,,,,0,Yes,No,0,Yes,6000,No
154329812,Regular Cutting,,Opan,No,No,0,,,,,,Unbranded,Fee Colouring,60000,,,,,,,,,,,,,-1,Yes,No,0,Yes,18000,No
154329813,Regular Cutting,,Opan,No,No,0,,,,,,Unbranded,Hair Colouring,150000,,,,,,,,,,,,,-32,Yes,No,0,Yes,45000,No
154329814,Regular Cutting,,Opan,No,No,0,,,,,,Unbranded,Hair Bleaching,350000,,,,,,,,,,,,,0,Yes,No,0,Yes,105000,No
154329815,Regular Cutting,,Opan,No,No,0,,,,,,Unbranded,Hair Highlighting,300000,,,,,,,,,,,,,-2,Yes,No,0,Yes,90000,No
154329816,Regular Cutting,,Opan,No,No,0,,,,,,Unbranded,Hair Curly,300000,,,,,,,,,,,,,-13,Yes,No,0,Yes,90000,No
154329817,Regular Cutting,,Opan,No,No,0,,,,,,Unbranded,Smooth and Shape,450000,,,,,,,,,,,,,-2,Yes,No,0,Yes,135000,No
154329818,Regular Cutting,,Opan,No,No,0,,,,,,Unbranded,Hair Spa,100000,,,,,,,,,,,,,0,Yes,No,0,Yes,30000,No
154329819,Regular Cutting,,Opan,No,No,0,,,,,,Unbranded,Creambath,70000,,,,,,,,,,,,,0,Yes,No,0,Yes,21000,No
154329820,Regular Cutting,,Opan,No,No,0,,,,,,Unbranded,Tera Blue Spa,150000,,,,,,,,,,,,,0,Yes,No,0,Yes,45000,No
154329821,Regular Cutting,,Opan,No,No,0,,,,,,Unbranded,Home Service Family,150000,,,,,,,,,,,,,0,Yes,No,0,Yes,45000,No
154329822,Regular Cutting,,Opan,No,No,0,,,,,,Unbranded,Home Service Single,200000,,,,,,,,,,,,,0,Yes,No,0,Yes,60000,No
154329823,Regular Cutting,,Opan,No,No,0,,,,,,Unbranded,Down Perm ,165000,,,,,,,,,,,,,0,Yes,No,0,Yes,49500,No
154329824,Regular Cutting,,Opan,No,No,0,,,,,,Unbranded,Root Lift,165000,,,,,,,,,,,,,0,Yes,No,0,Yes,49500,No
154329825,Regular Cutting,,Opan,No,No,0,,,,,,Unbranded,Wedding Gentleman Grooming,350000,,,,,,,,,,,,,0,Yes,No,0,Yes,105000,No
154329826,Regular Cutting,,Opan,No,No,0,,,,,,Unbranded,Wedding Royal Grooming Silver,500000,,,,,,,,,,,,,0,Yes,No,0,Yes,150000,No
154329827,Regular Cutting,,Opan,No,No,0,,,,,,Unbranded,Wedding Royal Grooming Gold,750000,,,,,,,,,,,,,0,Yes,No,0,Yes,225000,No
154329828,Regular Cutting,,Opan,No,No,0,,,,,,Unbranded,Wedding Royal Grooming Platinum,1000000,,,,,,,,,,,,,0,Yes,No,0,Yes,300000,No
154329829,Regular Cutting,,Opan,No,No,0,,,,,,Unbranded,Men Massage Service,135000,,,,,,,,,,,,,0,Yes,No,0,Yes,40500,No
154329830,Regular Cutting,,Opan,No,No,0,,,,,,Unbranded,Ear Candle,30000,,,,,,,,,,,,,0,Yes,No,0,Yes,9000,No
154329831,Regular Cutting,,Opan,No,No,0,,,,,,Unbranded,Ear Singeing,65000,,,,,,,,,,,,,0,Yes,No,0,Yes,19500,No
154329836,Regular Cutting,,Opan,No,No,0,,,,,,Unbranded,Ear Wax,60000,,,,,,,,,,,,,0,Yes,No,0,Yes,18000,No
154329837,Regular Cutting,,Opan,No,No,0,,,,,,Unbranded,Nose Wax,60000,,,,,,,,,,,,,0,Yes,No,0,Yes,18000,No
154329838,Regular Cutting,,Opan,No,No,0,,,,,,Unbranded,Charcoal Deep Cleansing,95000,,,,,,,,,,,,,0,Yes,No,0,Yes,28500,No
154329839,Regular Cutting,,Opan,No,No,0,,,,,,Unbranded,Charcoal Nose Cleansing Strip,55000,,,,,,,,,,,,,0,Yes,No,0,Yes,16500,No
154329840,Regular Cutting,,Opan,No,No,0,,,,,,Unbranded,Hair Tattoo,25000,,,,,,,,,,,,,0,Yes,No,0,Yes,7500,No
154329841,Regular Cutting,,Opan,No,No,0,,,,,,Unbranded,Hair Tattoo Single,35000,,,,,,,,,,,,,0,Yes,No,0,Yes,10500,No
154329842,Regular Cutting,,Opan,No,No,0,,,,,,Unbranded,Hair Tattoo Double Side,65000,,,,,,,,,,,,,0,Yes,No,0,Yes,19500,No
154329843,Regular Cutting,,Opan,No,No,0,,,,,,Unbranded,Prewedding HD,60000,,,,,,,,,,,,,0,Yes,No,0,Yes,16500,No
154949549,Regular Cutting,,Opan,No,No,0,,,,,,Unbranded,Redbox Earl Grooming,185000,,,,,,,,,,,,,-1,Yes,No,0,Yes,52500,No
195607588,Regular Cutting,,Opan,No,No,0,,,,,,Unbranded,Hair Care Keratin,400000,,,,,,,,,,,,,0,Yes,No,0,Yes,120000,No
49337862,Uncategorized,,Packing,No,No,0,,,,,,Unbranded,Paper Bag,0,,,,,,,,,,,,,-490,Yes,Yes,10,No,,No
49337863,Uncategorized,,Packing,No,No,0,,,,,,Unbranded,Botol 250 ml,0,,,,,,,,,,,,,0,Yes,Yes,10,No,,No
49337864,Uncategorized,,Packing,No,No,0,,,,,,Unbranded,Plastic Cup,0,,,,,,,,,,,,,0,Yes,Yes,10,No,,No
49337865,Uncategorized,,Packing,No,No,0,,,,,,Unbranded,Paper Cup,0,,,,,,,,,,,,,-1,Yes,Yes,10,No,,No
56715341,Hair Product,,Kenny Hair Styling Spray,No,No,0,,,,,,Unbranded,,55000,,,,,,,,,,,,,3,Yes,Yes,0,Yes,16749,Yes
64144085,Drink,,S-tee Kotak,No,No,0,,,,,,Unbranded,,5000,,,,,,,,,,,,,2,Yes,Yes,0,No,,No
75461849,Drink,,Teh Botol Kotak,No,No,0,,,,,,Unbranded,,5000,,,,,,,,,,,,,0,Yes,Yes,0,No,,No
82137651,Drink,,S-tee Botol,No,No,0,,,,,,Unbranded,,5000,,,,,,,,,,,,,1,Yes,Yes,0,Yes,2209,No
85557092,Drink,,Baileys Coffee + Bottle,No,No,0,,,,,,Unbranded,,39000,,,,,,,,,,,,,-99,Yes,Yes,0,Yes,12000,No
102574648,Hair Product,,Barbara Mousse,No,No,0,,,,,,Unbranded,,50000,,,,,,,,,,,,,2,Yes,Yes,0,Yes,8976,Yes
105185586,Merchandise,,Mug Redbox,No,No,0,,,,,,Unbranded,,30000,,,,,,,,,,,,,0,Yes,Yes,0,Yes,15000,Yes
113810892,Pomade,,Tezzen,No,No,0,,,,,,Unbranded,Tezzen Geryon ,135000,,,,,,,,,,,,,7,Yes,Yes,0,Yes,31305,Yes
115792716,Pomade,,Tezzen,No,No,0,,,,,,Unbranded,Tezzen Hercules,135000,,,,,,,,,,,,,6,Yes,Yes,0,Yes,105000,Yes
144435121,Pomade,,Tezzen,No,No,0,,,,,,Unbranded,Tezzen Zorro,160000,,,,,,,,,,,,,0,Yes,Yes,0,Yes,110000,Yes
114347043,Pomade,,Smith,No,No,0,,,,,,Unbranded,Smith Clayton,185000,,,,,,,,,,,,,0,Yes,Yes,0,Yes,154700,Yes
114347044,Pomade,,Smith,No,No,0,,,,,,Unbranded,Smith Ocean Dust,100000,,,,,,,,,,,,,0,Yes,Yes,0,Yes,72760,Yes
114347045,Pomade,,Smith,No,No,0,,,,,,Unbranded,Smith Dapper Spatter,130000,,,,,,,,,,,,,0,Yes,Yes,0,Yes,0,Yes
123249378,Pomade,,Smith,No,No,0,,,,,,Unbranded,Smith Dashing Slick,135000,,,,,,,,,,,,,0,Yes,Yes,0,Yes,31250,Yes
133902155,Pomade,,Smith,No,No,0,,,,,,Unbranded,Smith Moon Dust,110000,,,,,,,,,,,,,0,Yes,Yes,0,Yes,83736,Yes
142982111,Pomade,,Smith,No,No,0,,,,,,Unbranded,Smith Black Jack,110000,,,,,,,,,,,,,0,Yes,Yes,0,Yes,25500,Yes
120001600,Parfum,,Eau De Parfum,No,No,0,,,,,,Unbranded,Mild Temptation,100000,,,,,,,,,,,,,0,Yes,Yes,0,Yes,38786,Yes
120001601,Parfum,,Eau De Parfum,No,No,0,,,,,,Unbranded,Sugar Baby,100000,,,,,,,,,,,,,0,Yes,Yes,0,Yes,38471,Yes
120001602,Parfum,,Eau De Parfum,No,No,0,,,,,,Unbranded,Baccarat,100000,,,,,,,,,,,,,0,Yes,Yes,0,Yes,37009,Yes
123892376,Parfum,,Eau De Parfum,No,No,0,,,,,,Unbranded,Wild Breeze,100000,,,,,,,,,,,,,0,Yes,Yes,0,Yes,38028,Yes
123892377,Parfum,,Eau De Parfum,No,No,0,,,,,,Unbranded,Dark Brew,120000,,,,,,,,,,,,,0,Yes,Yes,0,Yes,52938,Yes
132356180,Parfum,,Eau De Parfum,No,No,0,,,,,,Unbranded,Oum,120000,,,,,,,,,,,,,0,Yes,Yes,0,Yes,53000,Yes
147068227,Parfum,,Eau De Parfum,No,No,0,,,,,,Unbranded,Botuna,120000,,,,,,,,,,,,,0,Yes,Yes,0,Yes,53000,Yes
125185335,Treathment,,Escalade,No,No,0,,,,,,Unbranded,Loss Less Hair Thickening Serum 30ml,150000,,,,,,,,,,,,,3,Yes,Yes,0,Yes,36923,Yes
125185336,Treathment,,Escalade,No,No,0,,,,,,Unbranded,Loss Less Hair Shampoo + Conditioner 250ml,100000,,,,,,,,,,,,,2,Yes,Yes,0,Yes,5000,Yes
125185337,Treathment,,Escalade,No,No,0,,,,,,Unbranded,Danddruff Shampoo 250ml,110000,,,,,,,,,,,,,2,Yes,Yes,0,Yes,37496,Yes
125185338,Treathment,,Escalade,No,No,0,,,,,,Unbranded,Danddruff Serum 30ml,150000,,,,,,,,,,,,,3,Yes,Yes,0,Yes,120000,Yes
146495492,Treathment,,Escalade,No,No,0,,,,,,Unbranded,Hair Repair Tonic 100ml,135000,,,,,,,,,,,,,1,Yes,Yes,0,Yes,0,Yes
130751653,Pomade,,MANTOLOGY,No,No,0,,,,,,Unbranded,Arnhemia Hair Styling Powder-Pump ,135000,,,,,,,,,,,,,3,Yes,No,0,Yes,85000,Yes
130751654,Pomade,,MANTOLOGY,No,No,0,,,,,,Unbranded,Cheribon Hair Cream ,150000,,,,,,,,,,,,,0,Yes,No,0,Yes,90000,Yes
142981839,Pomade,,MANTOLOGY,No,No,0,,,,,,Unbranded,Quantum Sculpting Paste,150000,,,,,,,,,,,,,0,Yes,No,0,Yes,95000,Yes
153080194,Drink,,Baileys Coffee,No,No,0,,,,,,Unbranded,,30000,,,,,,,,,,,,,-3,Yes,Yes,0,Yes,1,No
153524813,Drink,,Hazelnut Coffee,No,No,0,,,,,,Unbranded,,30000,,,,,,,,,,,,,0,Yes,Yes,0,Yes,1,No
153524843,Drink,,Caramel Coffee,No,No,0,,,,,,Unbranded,,30000,,,,,,,,,,,,,0,Yes,Yes,0,Yes,1,No
153524876,Drink,,Butterschoth,No,No,0,,,,,,Unbranded,Butterschoth Late,30000,,,,,,,,,,,,,0,Yes,Yes,0,Yes,1,No
153524877,Drink,,Butterschoth,No,No,0,,,,,,Unbranded,Butterschoth Late + Bottle,39000,,,,,,,,,,,,,0,Yes,Yes,0,Yes,1,No
161081905,Parfum,,De Parfume,No,No,0,,,,,,Unbranded,Eleftthree Extrait De Parfume,120000,,,,,,,,,,,,,6,Yes,Yes,0,Yes,60000,Yes
161081906,Parfum,,De Parfume,No,No,0,,,,,,Unbranded,Psyhi Extrait De Parfume,120000,,,,,,,,,,,,,3,Yes,Yes,0,Yes,60000,Yes
170414025,Hair System,,Hair System for Men,No,No,0,,,,,,Unbranded,Hair System for Men (P),2800000,,,,,,,,,,,,,0,Yes,Yes,0,Yes,840000,No
170414026,Hair System,,Hair System for Men,No,No,0,,,,,,Unbranded,Hair System for Men Full (P),5000000,,,,,,,,,,,,,0,Yes,Yes,0,Yes,1500000,No
170414027,Hair System,,Hair System for Men,No,No,0,,,,,,Unbranded,Hair System for Men,2500000,,,,,,,,,,,,,0,Yes,Yes,0,Yes,750000,No
170414028,Hair System,,Hair System for Men,No,No,0,,,,,,Unbranded,Hair System for Men Full,4500000,,,,,,,,,,,,,0,Yes,Yes,0,Yes,1350000,No
203227872,Uncategorized,,Biaya Reservasi,No,No,0,,,,,,Unbranded,,10000,,,,,,,,,,,,,0,No,No,0,No,,No
204008271,Uncategorized,,Kacang Goreng,No,No,0,,,,,,Unbranded,,25000,,,,,,,,,,,,,6,Yes,Yes,0,Yes,0,No